video_id,video_title,video_description,audio_transcript,video_view_count,video_like_count,label_ioi,label_ebt,label_aoc,label,video_comment_count,platform
Ov7d4fiRTvQ,3 signs of depression I see everyday as a therapist #shorts #mentalhealth #depression,This is not for diagnosis! But if these signs are new to yup and you think you might be depressed. Please check with a professional!,"3 hidden signs of depression. You have noticed significant changes in your appetite or sleep habits. Maybe you're under sleeping, oversleeping, eating or overeating. unexplained body aches and pains. Although depression is a psychological disorder, it can also lead to physical symptoms, such as back aches, headaches, gastrointestinal issues. And one of the most common symptoms I see in depression is fatigue even when you're getting enough sleep.",6845,357.0,0,0,0,0,8.0,Youtube
5k8u6Ebmrv8,I bet you didn't know that ADHD can cause you to have an 'addictive personality'...,#audhd #adhd #neurodivergent #neurospicy #neuroscience #adhdtiktok #adhdinwomen," Ooh, I care, I care, I care  I gr-",783,2.0,0,0,0,-1,2.0,Bitchute
ZqWf9Vg3v3eX,Repurposing Psychiatric Drugs for Fun and Profit,Big pharma psychiatric drug scam.  Big pharma will sell you any scam that you will buy.," So around the time that I was waking up about conventional medicine, I would  spend every single Saturday hours reading PubMed articles and discovering  what actual science, not the Church of Scientism, had to say about the untold  story of pharmaceuticals and the evidence that lifestyle medicine has the  power to resolve chronic illness. It's been a minute though and so when this  lovely journal of psychiatry made its way to my PO Box, I was amused by one  specific article. So it's called Beyond Psychotropic, Repurposing Psychiatric  Drugs for Rona Alzheimer's Disease and Cancer. And repurposing is really a  covert marketing term that implies that they intend to broaden the pool of  customers. And remember that when it comes to psychiatry, there are no  diagnostic tests.  So there's no actual valid science that might determine who is in need  quote-unquote of one of these medications, why, and what outcomes can be  expected. And because the diagnostic manual is an ever-ballooning list of  subjective descriptive terms, psychiatry is the blob that is consuming the  populace and no one is safe. Everyone is a candidate and a potential customer. So  why might that be a problem?  The first issue is that  we have no idea what these medications do and that's why it's been easy to  proclaim their relevance in different populations and then reverse engineer a  mechanism, right? So they are very effective for bulimia and anxiety and  phobias and insomnia and for animals and humans and whatever. And the way that  they must work is that they must modulate serotonin or no they're  anti-inflammatory or no they're anti-infective or they have all of  these different mechanisms that have never actually been proven through  valid outcomes. I mean look at one of these statements about fluvoxamine in  this article. There were no differences in symptom reduction. The researchers  speculated that the highly individually dynamic nature of Rona symptoms would  interfere with the ability to discern a treatment effect. And the second is that  we are poisoning the poisoned. So when pharmaceuticals are applied to a problem  misattributed to an unproven pathology, we are creating a bigger issue for a  given patient.  So what are the risks of taking a Tylenol for a piece of glass in your foot  or prioritizing injectables over sanitation and food for a starving child?  The third is untold risks and adverse effects. So if you want to just like  throw on a medication because maybe it'll help and we don't know why or how,  what are the risks of that? Specifically with psychiatric meds, there is a risk of  impulsive violence and very serious dependency if you're taking these meds  for longer than you need.  Even two months. And because we have normalized polypharmacy, you might think it  makes sense to just add on another medication for your non-specific  collection of symptoms that you've been told are caused by an invisible particle  and don't worry about how or why this medication is being used. So if you want  to wake up from the immense confusion represented by the so-called scientific  allopathic medical community, then I invite you to check out a now free,  free series that I am one of the hosts of that really intends to expose all of  the myths and deceptions that we have been sold over the past three years so  that you never take the bait of this kind of nonsense.",429,16.0,-1,-1,-1,-1,4.0,Bitchute
jTyb19mhk3o,Pictures That Will Trigger Your OCD.. Can You Pass? 😳 #shorts,," Pictures that will trigger your OCD. Can you pass? All hands, hoist the colors high. Evil thinks and bears, never shall we die.",10213,338.0,0,0,0,0,22.0,Youtube
szK-y3kgt7Q,Stop Research Compulsion #shorts #short #ocd #anxietyrelief #mentalhealth #shortsviral,"#shorts #short #ocd #anxietyrelief #mentalhealth 

#ytshorts #viralshorts #shortvideo #youtubeshorts #shortsfeed #shortsyoutube #shortsviral #shortsvideo2023 #ocd #ocdrecovery #ocdtreatment #ocdtips #mentalhealthawareness #mentalhealthmatters #mentalwellness #mentalillness #anxiety #anxietyrelief #anxietytips #anxietymeditation #anxietydisorders 

shorts
ytshorts 
viralshorts 
shortvideo 
youtubeshorts 
shortsfeed 
shortsyoutube 
shortsviral 
shortsvideo2023 
ocd 
ocdrecovery 
ocdtreatment 
ocdtips 
mentalhealthawareness 
mentalhealthmatters 
mentalwellness 
mentalillness 
anxiety 
anxietyrelief 
anxietytips 
anxietymeditation 
anxietydisorders"," How can I stop my compulsion to do internet research? It's less about shutting down the urge and more about learning new ways to manage it. Treat it as a friend, not an enemy. Your anxiety is trying to protect you. Listen to it and do something else.",9,0.0,0,0,0,0,0.0,Youtube
lKphfmJJ0BQ,When my son brings home his first antidepressants 😂 #shorts #funny,,Are you kidding me? Stormy? You look like mommy baby. I hate it.,4655,103.0,0,0,0,0,4.0,Youtube
xItwPY-G0wY,Andrew Huberman on Antidepressants #shorts,#shorts Join the Digital Renaissance.,"These neuromodulators can exist in normal levels, low, high, and that actually gives us a window into a very important aspect of neuroscience history, which is the discovery of antidepressants. In the 1950s, 60s, and 70s, it was discovered that there are compounds, chemicals, that can increase or decrease serotonin, dopamine. So different receptors on organs of the body are the ways that these neuromodulators can have all these effects. Some antidepressants that have sexual side effects or blunt appetite or motivation. Many, increase serotonin, can be very beneficial for people, but they also, if the doses are too high or particular drug isn't right for somebody, person experiences challenges because serotonin is binding to receptors in the areas of the brain that control those other things as well.",6715,103.0,1,0,0,0,4.0,Youtube
bDd5E6GHamE,Facts about Autism #shorts #autism,"Help me create more videos. Please like and subscribe! Thanks!
For donations, please send to: 
https://paypal.me/OurDailyKnowledge?country.x=PH&locale.x=en_US

Autism spectrum disorder (ASD) is a developmental disability caused by differences in the brain. People with ASD often have problems with social communication and interaction, and restricted or repetitive behaviors or interests. People with ASD may also have different ways of learning, moving, or paying attention.

#facts #shorts #autism #asd","Autism Spectrum Disorder affects 1 in 36 children. Boys are nearly 5 times more likely than girls to be diagnosed with ASD. Autism Spectrum Disorder is a developmental disability that often presents with challenges before the age of 3 and lasts throughout a person's lifetime. There is currently no medical detection blood test or cure for autism spectrum disorder. Being non-verbal at age 4 does not mean that a child with autism will never speak. Hyperlexia, the ability to read above one's age or grade level in school, commonly accompanies autism spectrum disorder. There is no cure for ASD, but there are several interventions that can help children learn important skills that improve everyday life.",15,1.0,0,0,1,0,,Youtube
aL88xpsBZurE,Positive schizophrenia symptom presentation caused by involuntary exposure to secondhand weed smoke,Involuntary exposure to secondhand marijuana smoke is forced drugging.," Just a quick one documenting a positive symptom presentation  as a result of involuntary exposure to second-hand marijuana.  Which, thank God, I called the cops and they actually did something about it,  so it went away, so this was not prolonged at the very least.  Um, I walked outside earlier and I smelled smoke.  Uh, it smelled like campfire smoke, not marijuana smoke.  So, I presume the tobacco, the nicotine's neurostimulant effect  was causing the gait control theory, so my brain wasn't processing the signals of smell, right?  Olfactory senses were interrupted.  Or olfactory sensory feedback wasn't accurately being processed  because of the gait control effect.  So, if you don't know what the gait control theory is, look it up.  So, but something still felt like, I gotta get out of here, you know, I don't want to breathe this in.  My mind was telling me, you know, your heart rate is increasing, etc.  Just get out, go away, go back inside where it doesn't stink like smoke.  Now I'm pretty certain that was marijuana.  I did call the cops and the smell went away, so they did something about it.  Really quickly, actually.  It was really great.  But, I came inside and, you know, I'm trying to study here,  and I slipped into delusion.  Not quite, but also, yeah, kind of a hallucination.  Not a strong one.  I differentiate delusion and hallucination based on the severity of the artificial reality that can't be real.  And in this one, somehow I slipped into the X-Men.  And, um, movie.  I don't even remember the exact process, but somehow I started thinking about Wolverine.  Killing all these Mexicans in that movie where X-23 makes her first appearance.  I forget what it's called, but it's like the last one Hugh Jackman did in the series.  And, um, Logan.  Yeah, I think that's what it was called.  It was Logan.  I didn't watch it, but I saw that clip.  And somehow that got me to slip into this fantasy of another X-Men movie  where the, uh, striker team goes and raids the X, you know, Professor X's mansion.  Yeah, the X-Mansion or whatever.  And, uh, you know, Colossus turns into metal and Wolverine, like, kills guys.  Because I imagine myself killing guys with the claws.  And I was thinking, well, that's kind of gay compared to the gore that I've actually watched  where they...  You know, take a pickaxe to a guy's eyeball and...  Like, all this wild shit.  Um, but I was in the movie in my head.  I wasn't in this reality.  I was in that reality.  So this means that even though I'm not smelling the marijuana, the chemicals still entered my bloodstream.  And even though I wasn't consciously aware of it, I'm still experiencing, you know, symptomatic issues.  Therefore...  My response is physiological, not psychological.  The psychological is an extension of the physiological.  And it's not a placebo response.  These experiences eliminate placebo response that so many of you aggressively dishonest junkies lie about.  Thank you.",148,1.0,0,0,0,0,2.0,Bitchute
jWH4yjOP9JI,America Has Gotten Soft on Mental Illness,#Shorts #CandaceOwens #News #Politics #Culture #PopCulture #DailyWire #NewYorkCity #NYC #Subway #NYCSubway #BLM #BlackLivesMatter #MentalHealth #MentalIllness," I am so serious when I say that America has gotten soft on mental illness. I talk about this every day on this show. I show you what people are doing on TikTok for views. I show you what individuals are pretending to be, what they are saying. I mean, it's anything for attention. And rather than us saying that we need to address this seriously, you have politicians and the media that are telling you that you need to feel more and more compassion for these people. Well, what I'm going to do is I'm going to feel less and less compassion for these individuals. I feel no compassion whatsoever for Jordan Neely. Let's make that clear. And some of you guys are watching this and you're going to say, well, of course, can't have someone who feels no compassion for him because he's a black man and she never defends black men. No, I never defend black criminals. And I never defend white criminals. I have this thing. It's crazy. I just don't defend criminals. I know it's wild. I just don't come out here out of the gates and feel compassion and emotion for people that are spreading harm in our society.",210189,22817.0,0,0,0,0,831.0,Youtube
HzUXFPO3cJE,Thomas and Gaston #shorts #disneyland #autism,," How are you? I know. You weren't expecting me to hero today, were you? Are you sure you're biceps like me? Flex your arms. There you go. Good job. Right there.",66687,3702.0,0,0,0,0,62.0,Youtube
Ru94zJImZfbA,WOW....just bloody WOW!! 😂,Here's a fine example of mass formation psychosis during the height of the CONvid-19 SCAMdemic in 2020. 😂," This is a weird lady, what the heck?  What the heck?  What the hell is she doing?  Jesus, girl.  What a weirdo.  Jesus.  She's getting a lot of freaked out.  Freaked out very well.  What are you doing?  Jesus.  Jesus Christ.  What the heck is she doing?  What the heck is she doing?  What the heck is she doing?",867,19.0,0,0,0,0,26.0,Bitchute
VCE2qCzOlKY,Five Physical Signs Of Autism @TheAspieWorld #autism #shorts #actuallyautistic,"📘50% OFF AUTISM PARENTING MAGAZINE → http://bit.ly/AUTISMPM
→ 100% OFF My FREE PDF BOOK: http://www.autismhacks.net 
→ Online Therapy Here (sponsored) →  https://betterhelp.com/theaspieworld/ 
→ AUTISM ALERT CARD →  
→ GET MY HAT → https://friends.wirthhats.com/theaspieworld
→ AUTISM MUST HAVES → https://kit.co/TheAspieWorld/autism-must-haves
→ Autism Therapy Headphones → www.soundsory.com/ASPIE10
👕MY MERCH → http://bit.ly/TAW_Merch
💼 BUSINESS → TheAspieWorld@gmail.com
✅MY EXCLUSIVE MEMBERSHIP SITE: https://www.levelupautism.net 
✅MY AUTISM COURSE: https://www.learnautism.net 
🔴SUBSCRIBE ➤ http://bit.ly/AutismYouTube

⬇️ FOLLOW MY SOCIALS FOR AUTISM CONTENT ⬇️
--------------------------------------------------
► INSTAGRAM: http://bit.ly/TAW_Insta
► TWITTER: http://bit.ly/TAW_Twitter
► FACEBOOK: http://bit.ly/TAW_FaceBook
► SNAPCHAT: http://bit.ly/TAW_SnapChat
► TIKTOK → http://bit.ly/TAW_Tik_Tok 
► MY BLOG → http://bit.ly/TAW_Blog
► MY PODCAST → http://bit.ly/TAW_Podcast
——————————————————", I have done several videos on different like physical signs of autism and I'm here again today to give you five more awesome ones so just buckle up. So the first one is toe walking. So toe walking is kind of walking on your tiptoes when you know you see people do this and kids do this quite often but autistic people will toe walk more often than not. Okay so non-facial expressions. Autistic people have an issue where their facial expressions may not match up to what they're thinking or feeling. Number three is monotone talking. You may have a very monotonal talking voice where everything will just be completely one tone and there will be no deviation from this actual type of conversation. Okay so number four are ticks. You know maybe you jump or you cough or you hit your throat or you like click your finger. Okay so number five is poor motor skills. Yeah I use fidget gadgets and little fidget things to kind of help improve basically the way my my fine water skills are developing because my fine water skills are absolutely atrocious.,4171,339.0,0,0,0,0,10.0,Youtube
-lfrX_32msI,Coaching Sessions Available! #thealchemistllc #anxiety #bipolar #nutrition #short,," The way it starts, the way it ends, I slide my neck in my cupid",91,2.0,-1,-1,-1,0,1.0,Youtube
2xcCGRRgHMg,Depression And Symptoms of Depression 😓 #shorts,"#depression #symptomsofdepression
#mentalhealth #psychology #mentalillness #mooddisorder","Welcome back to our channel. Depression is a severe mood disorder. It should be treated at once because if it gets worse, it can be life threatening. The symptoms of include loss and trust in almost all activities, feeling of worthlessness, hopelessness and pessimism, feeling sad, anxious or empty, visible change in eating habits either eating too much or little, weight loss or gain, less energy or fatigue, suicidal thoughts, withdrawn from social activities, trouble concentrating poor decision making. All these symptoms are linked with. If you are having these symptoms then go for treatment quickly. Thanks for watching and don't forget to hit that red subscribe button. Until next video take care.",270,11.0,0,0,0,0,1.0,Youtube
SsPFNgywqHQ,The Secret Power of Online Connections Unlocking Happiness and Preventing Suicidal Thoughts,The Secret Power of Online Connections Unlocking Happiness and Preventing Suicidal Thoughts #andrewtate #topg #therealworld #trending #trw #shorts,"because I'm making women rich. Dumb. I'm making myself rich, but I'm making them rich. And two, you're not exploiting men because these men are happy with the interaction. A lot of these men are married, and they've got a wife at home who doesn't fuck them, they've got kids who don't respect them, and they're literally the only time they smile at all is when they get their laptop out and talk to this hot 19-year-old on the other side of the world. Jesus. It's sad, but genuinely it keeps them out of suicide.",4,0.0,1,0,1,0,3.0,Youtube
R5B_jZ1mwH0,What caused the Great Depression? #shorts #investing #historicalfacts #brokers,,"In the 1920s, brokers were offering enormous leverages beyond the real capabilities of people to cover. With offering more leverage, they were earning higher commissions. They required investors to put in very little of their own money, thus attracting more people to the risky stock market. Leverage rates were up to 90% debt, which means people only had to use 10% of their own money. It was like winning in the casino, and it was not going to last. When the market started falling, many of those who traded on margin received margin calls. They had to either deliver more money to the brokers or their positions would be closed.",194,6.0,0,0,0,0,0.0,Youtube
lxILJao_VAw,Understanding Schizophrenia | 5 Things You Should Know #shorts #schizophrenia #mentalhealth,"Schizophrenia is one of the most common mental health illnesses and it can have a serious impact on lifestyle. Understanding schizophrenia is very important to overcome the problems associated with it. In this video, we will talk about 5 important facts about schizophrenia that you should know. 

#schizophrenia #mentalhealth #mentalhealthawareness #healthfacts #healthtips #healthglow","Schizophrenia. 5 key facts you should know. Schizophrenia is often a misunderstood mental health disorder that affects millions of people worldwide. It's caused by a mix of genetics, environment, and brain chemistry. Symptoms include positive, hallucinations, negative, social withdrawal, and cognitive, memory issues. Treatment combines medication, therapy, and support for better management. Empathy and understanding help combat stigma, fostering a supportive environment. Understanding schizophrenia is key. Together, we can make a difference.",20,1.0,1,0,0,0,0.0,Youtube
IsJgszoBoeQ,Men's Depression  #shorts,,"So I have this cute thing All the night All right, Rich, congratulations. Now let's turn it on at airplane. Damn it. I don't know, man. I don't want it. I was gonna be you know. If any guy enters, you're awesome. Yeah, I'm still here.",3,,0,0,0,0,0.0,Youtube
xhZAwXNuzHI,this is what ADHD sounds like 👀 #shorts #adhd,,"This is what the mind of an unmedicated kid with ADHD is like I'm sorry for letting you down on the daily You dodging my calls, can you talk to me baby? My ADD is kicking in, I threw out my riddle and I need something to focus on, I'm tired and need to stand your legs Who can I turn to when everyone is fake? If this keeps going on and on, I don't know how much more I can take If I don't make it back tomorrow, my apologies I'm sick and tired of growing up and I don't wanna be 21, you waiting for someone to save me? I'm drinking too much and it's driving me crazy",6504,808.0,0,0,0,0,23.0,Youtube
AN8G04sUFVc,Funny Story about his Paranoid Schizophrenic Cousin Smoking - Joe Rogan,"#shorts Funny Story about his Paranoid Schizophrenic Cousin Smoking - Joe Rogan #podcast #funnystories #jre #joerogan 

Welcome to PodClips Central YouTube Channel, where we curate the most captivating snippets from top podcasts worldwide! 🌐🎧 Immerse yourself in a world of thought-provoking ideas, empowering narratives, and entertaining exchanges that will leave you wanting more! 🌟💬

Subscribe now to our channel and stay tuned for a regular dose of intellectual stimulation and entertainment! 🔔🔥 Let our curated podcast highlights be your go-to source for captivating conversations and memorable moments that will keep you coming back for more! 🎉🎙️💬

Keywords: Podcast Highlights, engaging conversations, inspiring stories, intriguing insights, best podcasts, thought-provoking ideas, empowering narratives, entertaining exchanges, renowned guests, expert interviews, diverse topics, personal growth, entrepreneurship, technology, culture, triumph over adversity, cutting-edge discussions, latest trends, innovations, heartwarming moments, laugh-out-loud anecdotes, enriching experience, valuable takeaways.","I mean I have mental illness. I have a cousin who is paranoid schizophrenic mental illness is obviously not funny But the shit he would do we take him a plate of food We'd hang out with them for a little while and shit and there'd be times where he's like you guys got a joint We're like we should be smoking So we give him a joint oh no, and he smokes it and now we're driving back to my aunt in the city Which is I'm 12 minutes away. We get back. What are you all giving him? We he brought he would rat us out He's like They came over gave it a food. Thanks. By the way, they gave me a big fat joint. So then we would play that while you listen to his crazy Yes, like we all had to be on the safety",11,0.0,0,0,0,0,0.0,Youtube
IlsEZLs1PUI,Tylenol in pregnancy can increase the risk for ADHD and Autism #shorts #holistichealth,,"Autism and ADHD related to moms taking Tylenol during pregnancy? What? A study in 2018 evaluated 132,000 women and children and followed them for three to eleven years and found that women who during pregnancy took Tylenol for a prolonged amount of time had an increased risk of 20% of autism in their children and 30% increased risk of ADHD. Another study showed that taking Tylenol less than eight days did not have those effects. What is a mama to do? If you're having fever or chronic pain, you need to talk to your doctor, naturopath, chiropractor about natural remedies to reduce fever and pain. Having fever during pregnancy can also be detrimental, so we must weigh our benefits and risks. Tylenol may be necessary, but let's evaluate some natural remedies first.",2578,86.0,0,0,-1,-1,25.0,Youtube
yWGD0CocLXA,one way satan causes anxiety #shorts 👿,,and Satan has gotten me on that so many times in the past by making me think I had to do something and Usually makes you think you have to do it immediately and you have to force it rush or else something bad is gonna happen,61,2.0,-1,-1,-1,0,1.0,Youtube
PGu2-QOfLBA,ADHD Paralysis Explained #shorts #adhd,,"Just open your hand and put it right on the burner. I can't do that. It's on. It'll burn me. But physically you could, right? I mean, you have the motor control and knowledge to burn your hand towards the touch it, right? Yeah, I mean, physically I could. So do it. I'll give you 100 bucks, even if you just grace it. I can't. No matter how much I try, it's like my brain won't let me do it. Exactly. Now imagine instead of me telling you to touch a hot surface, I'm telling you to go eat a meal or start your homework or just get off the couch. And that's what ADHD paralysis feels like. I just let you be released. I am so sorry.",14358668,729101.0,0,0,0,0,16964.0,Youtube
AZ4fJqLexQs,"You know, i wish i could sleep, but then my stupid ADHD kicks in…| #adhd #capcuttemplate #oc #shorts",," You know, I wish I could sleep, but then my stupid ADHD kicks in, and well, it's basically one sheep, two sheep, cow, turtle, duck, old MacDonald, had a farm, and my career.",9061,399.0,0,0,0,0,22.0,Youtube
6RaXv-m8K9U,Cleaning & Motivation with ADHD #adhd #adhdproblems #adhdbrain #adhdrelief,," So I currently have what I call the depression kitchen. So I'm gonna leave and come back and pretend as though I have been hired as a cleaner to clean this house, which is definitely not my own. And I'm gonna pay myself what I would pay a cleaner to do it. And then I'm gonna go thrifting. Love monetary rewards. Hello, hello. I'm your cleaner. So I see the place as a bit of a fucking bombshell. If you want kitchen, makes sense. Looks like we had a big depressing episode this week. Love that. Bathroom, yeah, neglecting the cat litter box. Everyone can smell it now, like for two blocks. So yep, good idea. So for me with my ADHD, I need some sort of external motivator to get me to do really mundane, boring tasks like cleaning. And so for me, a monetary value motivator, it was super helpful. So here I am cleaning, tidying, and it looked amazing. And now I get to go thrifting. Hell yeah.",1408115,131493.0,0,0,0,0,1361.0,Youtube
Ym1BiBXciMA,drawing what i think depression looks like🕷#art #shorts,,Music,37436,1942.0,0,0,0,0,43.0,Youtube
4tTkgyql540,Follow Anxiety! #shorts #twitch,"So glad I'm not the only one :)

#shortsclip #twitchstreamer"," I'm one of those people who's always like, yeah, I definitely joined that server. He did not join that server No, I'm pretty sure I followed them on Twitter. He did not follow them on Twitter. Maybe it was on Twitch No, it wasn't on Twitch. The amount of people I follow on Twitter and I've been following them on Twitter for like five years Watching their stream and chatting away and then I realize with dread That the little follow button is there and I'm like When do I do this now? I've been talking to this person for months or years and I'm like Do I click it now? But what if they see live? No, do I click it when they're not live? But then they'll see even more obviously. Do I just never click the button? Do I just unplug my computer and move to a desert island? I don't know what to do I guess I can never go on Twitch again. Exactly and he never went on Twitch again",446,12.0,0,0,0,0,0.0,Youtube
AhJqmzBow4E,That is not what Schizophrenia is!!,"But what do I know 🤷🏽‍♀️ #Schizophrenia #therapy #psychiatry #pastorfather #fatherdaughter #shorts

Disclaimer: You may want to consider diagnosis and treatment of symptoms with a licensed medical professional. This page is not medical advice.","Yes, that's what we like it bring your body come and make me ride it",487,22.0,-1,-1,-1,0,1.0,Youtube
a8JGsnY-RY0,GAME DÀNH CHO NHỮNG NGƯỜI “BỊ OCD” | Hưng Everything #shorts,"GAME DÀNH CHO NHỮNG NGƯỜI “BỊ OCD” | Hưng Everything #shorts 
Link tất cả các sản phẩm trong video: https://beacons.ai/hunglvn
--------
Xem nhiều hơn tại:
👉  Tiktok của Hưng Everything: https://www.tiktok.com/@hungeverything
👉  ​Fanpage Hưng Everything: https://www.facebook.com/hungeverything
Liên hệ hợp tác 👉 hunglevan253@gmail.com
--------/---
© Bản quyền thuộc về Hưng Everything
© Copyright by Hưng Everything ☞ Do not Re-up

#hưngeverything #hunglvn #reviewcongnghe","This is a game only for those who have been OCD for 3 years. This game is called Five Shot Mask and it has an Android version of it. This is a game that you will customize the items for your location. The first few items are easy to customize. But the second few items are the items that look like a brain. So it's just in line with those who have been OCD. They like to call and want everything to be always in a hurry. You can try this game. It's very easy to play. You just need to pull the trigger to the right position. But this game has a lot of ads. The crazy thing is that you have to watch an ad after playing a game. And it's only about 20% free. After that, you can put more money or watch ads. In general, it's okay for those who have been OCD. Try it. It's very safe.",789,,0,0,0,0,2.0,Youtube
F2s9Mn5EqeU,The TRUTH About Antidepressants,," We all know what causes depression, it's low serotonin.  Who told us that?  It was the pharmaceutical companies.  What possible reason could they have for that?  They sell pharmaceutical products.  That can't be the only reason, can it?  Can it?  Drug market size exceeded 13.5 billion in 2020  and is anticipated to grow at over 7%  between 2021 and 2027.  I don't even know why I told you that  because that's irrelevant information.  Just get rid of that, that's pointless.  Why is that turned on?  What, you think?  Oh, oh, I see.  You thought that we used scant evidence  to market a drug to make a profit.  We invented that drug as a surprise present  for your birthday and you've ruined it.  You're just like your father.",329,6.0,0,-1,0,-1,1.0,Bitchute
azC_jsgJPF8,What is depression? - #Shorts - Ralph Smart,"📖 Get The The New Book - The New Book Now Available: Feel Alive By Ralph Smart- Http://www.ralphsmart.com/Thebook 
▬▬▬▬▬▬▬▬▬▬▬▬▬▬▬▬▬▬▬▬▬▬▬▬ 
 👕👚 Merch - Clothes Store : Http://www.ralphsmart.com/clothing ▬▬▬▬▬▬▬▬▬▬▬▬▬▬▬▬▬▬▬▬▬▬▬▬ 
📚 Consults, Mentorship, Membership & Support
One To One Consultations With Ralph Smart: Https://Ralphsmart.Com/1to1-Sessions/ 

Become A Member To Get Exclusive Access To Perks!
https://www.youtube.com/channel/ucjt7bewtlk6a6f_ciy2zolq/join
▬▬▬▬▬▬▬▬▬▬▬▬▬▬▬▬▬▬▬▬▬▬▬▬ 
🗣Follow Me On My Social Media ! Instagram🙋🏿‍♂️ 
Https://Www.Instagram.Com/Officialralphsmart/?Hl=En ▬▬▬▬▬▬▬▬▬▬▬▬▬▬▬▬▬▬▬▬▬▬▬▬ 
📥 Sponsors : Want Me To Promote Your Product? Dm Me For Rates And Availability 🤝
 Follow Me On Instagram Now* Https://Www.Instagram.Com/Officialralphsmart/?Hl=En 
Website: www.ralphsmart.com

#Ralphsmart #Infinitewaters #love #shorts 

Socials:
Follow me on Facebook: Https://Www.Facebook.Com/Ralphsmart 
Follow On Twitter: Https://Twitter.Com/Infinitewaters 
Follow On Tumblr Https://Infinitewatersworld.Tumblr.Com"," Your depression is not permanent. You see, I liken depression to a cloud, a passing cloud. Sometimes this cloud can hang over you and it rains down on you. But you see, you are not the depression. Depression is a passing cloud and it will fade away, it will pass over you. The moment you realize that actually depression is not permanent. Depression is temporary.",12181,1566.0,0,0,-1,-1,55.0,Youtube
g3aazom7QaM,this is how it's like living with bipolar disorder #shorts#bipolardisorder #mentalhealth,"A clip from modern love
#modernlove
#best
#youtubeshorts
#psychology
#annehathaway","Well, it failed some good night, cause I knew that was the last time, I'm alone.",829,18.0,0,0,0,0,2.0,Youtube
bd4AyyVJfSg,Eugenia Cooney Sparks OUTRAGE Over Anorexic SKELETAL Figure #shorts,"#shorts 
BUY CAST BREW COFFEE TO FIGHT BACK - https://castbrew.com/
Become a Member For Uncensored Videos - https://timcast.com/join-us/
Hang Out With Tim Pool & Crew LIVE At - http://Youtube.com/TimcastIRL"," I'm sorry, I am shocked and offended by this story. You see, this here woman, this YouTuber, her name is Eugenia Cooney. She has been subject of much attention for quite some time because of her low weight. And I am deeply, deeply offended that so many people who would celebrate body positivity would now come out and say, this woman should be banned because she's going to die. Now let's get real. A lot of people are saying this is no different than someone being morbidly obese. They are unhealthy and they are influencing young people in dangerous ways. And we've actually already heard some testimony from people. I should just say some posts where they're like, you know, a kid I knew or like a younger sibling started dropping weight and not eating because they wanted to be like Eugenia. You know, I'll come out and say it. This should not be promoted.",51678,2396.0,0,0,0,0,223.0,Youtube
jjRXfgaF1Jam,"This isn't ""activism"", this is just mental illness!","These feminist ""activists"" in France need professional help."," Libégé c'est sacré !  Libégé c'est sacré !  Libégé c'est sacré !  Marche pour la vie de qui ? Marche pour la vie de qui ?  C'est la police là. D'accord ? Calme-toi.  Marche pour la vie de qui ? Marche pour la vie de qui ?  Marche pour la vie de qui ?  Doucement monsieur. Les yeux fermés, c'est un virant.  Marche pour la vie de qui ? Marche pour la vie de qui ?  Marche pour la vie de qui ?",1357,19.0,0,0,0,0,23.0,Bitchute
S84Pjo0xgbQ,Feeling Depressed VS Having Depression #shorts,"JOIN MY MENTAL WELLNESS COMMUNITY. Take your mental health education to the next level. https://MentalWellnessSpace.com

WANT TO START IN THERAPY? Here’s a convenient and affordable option with my sponsor BetterHelp
https://Betterhelp.com/drmarks 

For a monthly fee, you get a REAL licensed therapist with whom you can meet weekly by phone, video or chat. You can also send daily messages. 
For a full review of the service, watch this video https://youtu.be/kDs9HxGnyxw

If you use this link you will get a 10% discount on your first month. https://betterhelp.com/drmarks This is an option I've researched. I get a referral commission if you sign up.

GET MY ANXIETY BOOK  http://WhyAmIAnxious.com

Want to know more about mental health and self-improvement? On this channel I discuss topics such as bipolar disorder, major depression, anxiety disorders, attention deficit disorder (ADHD), relationships and personal development/self-improvement. I upload weekly. If you don’t want to miss a video, click here to subscribe. https://goo.gl/DFfT33 

Disclaimer: All of the information on this channel is for educational purposes and not intended to be specific/personal medical advice from me to you. Watching the videos or getting answers to comments/question, does not establish a doctor-patient relationship. If you have your own doctor, perhaps these videos can help prepare you for your discussion with your doctor."," difference between feeling depressed and having major depression as an illness. Depression is an emotional state. Major depressive disorder is an illness. As humans, we're reactive, but not every negative reaction is an illness. There's another mental disorder called adjustment reaction with depressed mood. Some people call it situational depression. It's a milder form of the depressive illness that's triggered by a trauma or a stressor. This disorder is defined as having marked distress that's out of proportion to the severity or intensity of the stressor and significant impairment in social, occupational, or other important areas of functioning. Degree of impairment is generally how we determine the severity of an illness and what kind of treatment you should pursue, if any. With impairment, we look at the degree of problems that it's causing in your day-to-day life in three main realms. Social, occupational, and personal functioning.",31164,2453.0,0,0,1,0,39.0,Youtube
WU5SzsUhqO8,Andrew Tate Talks About  Depression #shorts,#shorts #andrewtate #tate #motivation,"You take two people, one believes in ghosts and doesn't. You put them both in haunted houses. And in the middle of the night, there's a bang. The person who believes in ghosts is now terrified. There's a ghost, they're calling an exorcist, panicking in the room, hiding. The person who doesn't believe in ghosts goes wind and back to sleep. It's the same noise, scenario, but the belief in their mind that terrifies and ruins their life. It's belief in their mind that turns against them. And I've said this many times, I don't even give a sh** about right and wrong. I refuse to believe in things that take my power away. I'm only going to construct a mental model that allows me to be as powerful as possible. If believing in the idea of depression is going to take my own power away, then I won't believe in it. I don't want to believe in things that make me weak.",7,,0,0,0,0,0.0,Youtube
dwkORltd-DE,bipolar females like 😂😳#shorts #viral,,bro stop i posted this on facebook why would you do that the girl texted me i'm not sure,1489,21.0,0,0,0,0,0.0,Youtube
KgDEatZqooo,Mental health matters #mentalhealth #shorts #depression,,"Believe it or not, people actually usually don't fake having a mental illness. They do often fake being okay when they're not.",881,62.0,0,0,0,0,3.0,Youtube
70FM7M62_TI,FIDGET TOY ADVENT CALENDAR @MrsBench  😱 #shorts #adhd,,"What is the perfect Christmas gift for someone with ADHD? You ask. Fidget Toy advent calendar. Mrs. Ben, send this to me, but due to the fact that I'm extremely impatient, I'm going to open all 24 days right now. Day one. Day two. Day three. Day four. Day five. Day six. Day seven. Day eight. I opened two at once. So day nine and day 10. Day 11. Day 12. 13. 14. Day 15. Day 16. Day 17. Day 18. Day 19. Day 20. Day 22. Day 23. Day 24.",933057,61274.0,0,0,0,0,586.0,Youtube
c4QyR8zSkdQ,#youtubeshorts #viral #shorts #Mental Health Month #Mental Health Day,,Music,24,4.0,0,0,0,0,0.0,Youtube
IoLLTb8F9n0,GITA HAS A SOLUTION FOR DEPRESSION IN TODAY'S YOUTH #shorts,"Catch me on my Instagram @pranjalogix_co 

Keywords-
Gita has a solution for depression in todays youth, depression in todays youth, bhagavad gita, teachings from bhagavad gita, shorts, shorts feed, 

#solutionfordepression #solutionforanxiety  #bhagavadgita #solutionbykrishna #depression #shorts #shortsfeed","Life is not as smooth as this. It's simply as exact as this. I used to feel it in high moments and in low moments I felt it in a very depressed state. Then I got a magic film which is called Bhagavad Gita. In chapter 6, Krishna said, Bandhuratma atmanastasya yenaatmai vatmana jitaanatmanastu shatrutve vartaitatmai vasatruvasa which means that if we are seeing ourselves depressed, we should uplift ourselves but we often keep crying. Because our mind is not in our control and our mind can be our biggest friend and our biggest enemy. We can take ourselves out of that depression and no one will come. So stop wasting time, start growing and start glowing.",220,19.0,0,0,0,0,0.0,Youtube
J6cP7WT5aPWN,BLACK BUS DRIVER REFUSES TO OPEN THE DOOR TO A LITTLE WHITE GIRL WHO SUFFERS FROM PTSD,," She has PTSD, you need to let her up.  Hey, my daughter has PTSD and she's pulling her back.  She won't let my daughter up right over here by my house.  I don't want this woman to drive a bus ever again.  I want to press charges.  She won't drive this bus again, I promise you that.  She needs to get off this bus, I promise you that.  She needs to get off this bus.  She needs to get off this bus.  Right, right, right.  She needs to get off this bus.  Right, right, right.  She needs to get off this bus.  Where'd you take her?  Right now.  She needs to get off this bus right now.  Right now.  You understand?  Hey, Stephen.  Hey.  Get your stuff.  No, no, no problem.  Just a minute, okay?  Okay.  She's got a ghost.  She don't do that.  You're not gonna let her.  No, no, no, no.  I don't want to see that.  You don't want to see that.  I gonna let them.  She don't call people that that's my daughter, she don't talk.  She don't talk like that.  Alice, you better not drop that in bomb.  They said that they didn't have any idea.  All the kids in the bathroom saying they don't know what happened.  Well, we're going to the bus station after this.  I have a video of her pulling that kid back.  Put kids ever put your hands on my kid.",0,0.0,0,0,0,0,22.0,Bitchute
EFAwrSOKySI,This Special Mushroom Seems to be Super Effective for Treating Mental Health Disorders,"And there's a term for it: Trans-diagnostic Advocacy. Anecdotes for the efficacy of psilocybin in treating mental health have been around for a long time. And seemingly every day, more research emerges that proves some of these theories true. Justin from Mycomeditations has the numbers to back up the power of this mushroom! #shorts #mushroomedu","Why are people going down for psilocybin retreats? What are the main benefits of psilocybin? So the psilocybin is one of those psychedelics that has what's called trans diagnostic advocacy. And it means it's effective for so many different mental health conditions in its own right. So we host between 40 and 50 retreats per year. They are coming to Jamaica, either because they've got an acute, intractable mental health issue that no pharmaceutical intervention has been successful in treating, be that treatment-resistant depression, acute anxiety, that kind of thing. Or they've got a lot of trauma in their background. So they come to to to Michael Meditations because they're looking for a therapeutic model versus a shamanic model.",6199,376.0,0,0,0,-1,17.0,Youtube
53brF-7hqX0,Mental Health Awareness. MentalHealth.org #canecorso #italianmastiff #baronacanecorso #shorts,," Sometimes I feel like I can't trust no one around me There's another side of me but I don't even show it Cause I got way too many people in love with me I've been through depression and I learned my lesson So I got my blessings and what do I do? But I still got anxiety, that's why I keep it on me Sometimes I feel like I can't trust no one around me Cause I got anxiety, anxiety, anxiety, anxiety, anxiety, anxiety, anxiety, anxiety, anxiety, anxiety, anxiety, anxiety, anxiety, anxiety, anxiety, anxiety, anxiety, anxiety, anxiety, anxiety, anxiety, anxiety, anxiety, anxiety, anxiety, anxiety, anxiety, anxiety, anxiety, anxiety, anxiety, anxiety, anxiety, anxiety, anxiety, anxiety, anxiety, anxiety, anxiety, anxiety, anxiety, anxiety, anxiety, anxiety, anxiety, anxiety, anxiety, anxiety, anxiety, anxiety, anxiety, anxiety, anxiety, anxiety, anxiety, anxiety, anxiety, anxiety, anxiety, anxiety, anxiety, anxiety, anxiety, anxiety, anxiety, anxiety, anxiety, anxiety, anxiety, anxiety, anxiety, anxiety, anxiety, anxiety, anxiety, anxiety, anxiety, anxiety, anxiety, anxiety, anxiety, anxiety, anxiety, anxiety, anxiety, anxiety, anxiety, anxiety, anxiety, anxiety, anxiety, anxiety, anxiety, anxiety, anxiety, anxiety, anxiety, anxiety, anxiety, anxiety, anxiety, anxiety, anxiety, anxiety, anxiety, anxiety, anxiety, anxiety, anxiety, anxiety,",6003,338.0,0,0,0,0,28.0,Youtube
XiHaS9u65Ww,Prayer For Anxiety 🙏 #shorts,," Heavenly Father, I wanted to lift up the person on the other side of this screen. I pray for their sleep tonight Lord and for anyone who is facing a lot of anxiety in their life. Lots of racing thoughts are coming. A lot of lies from the enemy are being planted in their head. And I pray that they rebuke these lies from the enemy. Use the authority that's been given to you through the power of the Holy Spirit to speak to those lies, to speak to that anxiety. You are not an anxious person trying to get free from your anxiety. You are already free fighting off attacks of anxiety. Demonstrate the Holy Spirit power in you that exists and is alive and strong and perfect. And use it to speak to that anxiety and pray and ask God and receive for healing and peace. In Jesus' name I claim, Amen. God bless you. Follow for more prayers.",5718,1596.0,0,0,0,0,129.0,Youtube
poekpMgt7ad6,Orthodox Christian Theology - Dispiritedness is source of all mental problems,"Late Orthodox Christian Elder, Abbot Joseph of the Great Vatopedi Monastery at Mount Athos, teaching his monks how to fight Dispiritedness."," και από την αποθάρρηση  εάν η αποθάρρηση δεν πολεμηθεί  τη διανέχεται η απογοήτευση  εάν εκεί ο μοναχός αμελήσει και δεν φροντίσει  και μην είναι αποθαρρευμένος και απογοητευμένος  μετά θα έρθει η απελπισία  η απόγνωση  εάν και αυτή επικρατήσει  τότε αρχίζουν τα ψυχολογικά  από εδώ είναι τα ψυχολογικά  διότι  με την απόγνωση  εφθάρρει  ο πνευματικός κόσμος  εφθάρρει η λογική  έννοια της προσωπικότητας του ανθρώπου  και τότε πάμε στους ψυχολόγους  να μας δώσουν χάπια για περιοριά  η αιτία είναι τούτη  γιατί αποθάρρρησες  δεχόμεθα να μας κάνει  το δικαιώρον ο διάβολος  εφόσον ξέραμε καλά  ότι καμία ημέρα  εστί είναι ζωή μου  ούτε αυτοί δεν μπορούν να μείνουν λάθαστοι  διότι μετά την πτώση  έχουμε πάθει διαστροφή  παντερές  δεν έχουμε την ικανότητα  να σταθούμε ακίνητοι  επιδρά πάνω μας το περιβάλλον  το εντός, το εκτός, το πέριξ  και χάρην τούτου  λοιπόν  κατανάγκηνα στο που έσυ  κάνουμε λάθη  τότε έρχεται ο διάβολος να κάνει τον δικαιώρο  ο αναμάκτητος  να μας πει ότι είμαστε εμείς αμαρτωλοί  εκεί σας είπα  πόσες φορές  την ανδρεία  να σηκώνεστε όρθιοι  πιδρά κοντά πίσω  φαίνεσαι αποθάριστη  που θα καταφύγω στον πατέρα μου τώρα  και θα εξομολογηθώ  ήρθε ο Υιός του Θεού του ζώντος εδώ  να υιοθετήσει εμένα  και να αφανείς εσένα  και εσύ μου κάνεις τον δικαιώρο  έτσι να αποκρίνεσαι  στην αποθάριστη  γιατί το θάρρος είναι η κυνητήρια δύναμη  είναι η ενέργεια  όπως είναι το ρεύμα  όπως είναι τα κατάλληλα  είναι το καύσιμα  γι'αυτό γιατί να χάσουμε την αποθάριστη  έκαναμε λάθος πράγματι  αλλά υπάρχει λάθος στη ζωή  ύστερα γυρίζω στον Χριστό μας πολλές φορές  και δικάζομαι μαζί Του  μες σε απογνώσεις  και λέω Πανάγαθι  τα εκατομμύρια των μετανοησάντων  που όχι μόνο τους συγχώρησες  αλλά τους φόρεσες  και το βραβείο του Αγιασμού  και είναι κύκλο από τον θρόνο σου  με την παλαικάριά τους έγιναν  δεν είναι με τη χάρι σου που έγιναν κύριε μου  και εγώ είμαι ένας από αυτούς  επιμένω  δεν θα πάψω να χτυπώ την πόρτα  θα μου ανοίξεις  εσύ είσαι η αλήθεια  είσαι η ζωή  είσαι η Ανάσταση  έτσι  έτσι θέλω να πω εμάς  έτσι να μάγεσαι  έτσι  να το ανοίγουμε  να το ανοίγουμε παραγίγματα  για άνθρωποι άσχολοι  έτσι ασφαλισμένα  εισαγωγή  και εισαγωγή  εισαγωγή  και μόνο είναι ότι δεν έγινα  και να μάρτυρονταν  και να μπήκαν στον παγιασμό  και αλλού ασκάμασή  με το σακί  και η αλήθεια  εσύ είσαι η αλήθεια  έτσι θέλω να πω εμάς  έτσι να μάγεσαι  έτσι να μάγεσαι",468,4.0,0,-1,-1,-1,1.0,Bitchute
x1cj_NIx49M,3️⃣ Short Prayers For Mental Health #shorts #prayer #mentalhealth,#pray #christian,"Give the next 30 seconds to Jesus as I share three short prayers for those who are struggling with their mental health. Drop a heart in the chat if you receive them. Dear Heavenly Father, help me to overcome the battles in my mind. I fill your presence and I know that I can conquer this hurdle with your grace. Dear Heavenly Father, my mental health is not at its best, but I know that this suffering is temporary. I pray that you continue to watch over me as I fight my personal demons. Dear Heavenly Father, thank you for not giving up on me. When I feel hopeless, I remember your word and your promises. You are my light in my darkness and I pray that I am on a road to recovery.",2507,343.0,0,0,0,-1,88.0,Youtube
witXIuWR8t4,Does ADHD cause social anxiety?? #Drsasha #adhd #shorts,, I need a honey of the and be the honey I need a honey of the tree to the wood,22425,974.0,0,0,0,0,25.0,Youtube
C5ss48kjixw,Pastor from Christian Hogwarts doesn't understand Autism #shorts,Pastor Bill Johnson thinks he is normal,"One of our elders here in the church had a grandson with extreme autism. His, I don't know how it works, but there was some kind of a number system. And his was, you know, I think normal is like the number of 11. And he was like 26 or something. It was just, it was autistic extreme. And they took a year and they would just pray for him day after day after day. And slowly it changed. The last time they had him tested, he was like number four. He's more normal than normal children. He's like extra normal. He's like normal on steroids. Doosh chill.",8251,632.0,0,0,0,0,120.0,Youtube
kklTNZKx2jk,Mental health reminder of the day! Focus on this... #shorts,," I need to know, could you be the one to call when I lose control?",53,1.0,0,1,1,0,1.0,Youtube
BCQYfe3k11Q,Are you using this word wrong? #shorts #bipolar #mood,," Welcome to another episode of You're Using That Word Wrong, Mental Health Edition. Yeah, my mood's just been going up and down lately. I've been feeling super bipolar. Really? I didn't know that. Are you having manic difficulties? Are you more of a depressive state right now? What do you mean? Like, are you having the persistent elevated mood and irritability and activity level or the persistent, you know, depressed mood? Neither, I don't, that's not what's going on. Okay, well, are you having inflated self-esteem or grandiosity or lack of need for sleep or being hyper-talkative? No. Are you having like flight of ideas or just increased distractibility or like continue to do activities that can lead to really bad consequences? No. Okay, so you're having significant depressed mood, loss of interest and activities, fatigue, feeling the worthlessness? No, why do you keep asking me this stuff? Because this is the part of the diagnostic criteria for bipolar disorder. No, I just mean that I'm being moody. Well, then you should say that you're feeling moody instead of invalidating the experience of individuals with that actual diagnosis.",835,116.0,0,0,0,0,5.0,Youtube
DKn5yUHYxhw,How YouTube Helped Him Overcome Tourette’s & OCD #shorts #mentalhealth,Watch the full video: https://www.youtube.com/watch?v=EDtHaccT0XU&t=116s," Before I started traveling, I had Tourette's, where my arms were flailing around. Uncontrollable movement, and I had severe OCD. These conditions vanished as soon as I had a spiritual awakening almost, where I changed my lifestyle to one that was more in tune with nature, and these were dramatic shifts for me, which were able to result in me no longer having Tourette's. So what was the spiritual experience that sort of prompted that? Was it all of a sudden? No, it was from people like you, people like me who make YouTube videos. They were making YouTube videos about their experiences, and I just caught a glimpse of it. That's what really inspired me was YouTubers. Really? Yeah, that's what changed my life. YouTubers! That's why I make videos today. I wanna give back to the people. There was people who were making videos about traveling. That's why I started traveling. There was people who were making videos about their spiritual awakenings. That's how I found spirituality.",22971,1078.0,0,0,0,-1,22.0,Youtube
tyUlVGtmXZg,"Mental Health Tips from Sassi Talks
#shorts","3 Tips to Deal with Anxiety

Credits:
Kati Morton - https://youtu.be/dMOhYAubXG0


#shorts #shortvideo #katimorton
#anxietytips #tipstodealwithanxiety #mentalhealthadvice #motivation #inspiration #loveyourself #discoveryourself #mentalhealthtips #mentalhealth #quotes #mind #body #soul #empower #unleashyourinnersass #sassitalks","And the first tip is to continue engage with people who are close to us and feel safe. My second is take action where you can. If cleaning your house, buying a mask, and using hand sanitizer more helps you feel empowered and calm, go for it. Number 3. Limit the time you spend online or watching the news.",590,160.0,0,0,0,0,0.0,Youtube
Pnh7l_SiR_0,How To Stop Panic Attacks More Effectively #shorts #adhd #anxiety,," Here's a tip to calm down more effectively when you're having a panic attack and why it works. So when most people are having a panic attack, they're really focused on the breathing in part and getting as much air into their lungs as they can. But by doing that, you're allowing your chest to expand, which allows more blood to flow through your heart, which inevitably makes it beat faster. So although it may seem counterintuitive in the moment, focusing on taking long deep breaths out rather than in will actually decrease that fight or flight instinct a lot faster by decreasing and normalizing your heart rate.",197808,21504.0,0,0,0,0,268.0,Youtube
V6UrhD7XKpw,Moment-to-moment interaction between affectivity and coping behaviours in bipolar dis... | RTCL.TV,"### Keywords ###
#Bipolardisorder #affect #coping #experiencesampling #cognitiveappraisals #RTCLTV #shorts

### Article Attribution ###
Title: Moment-to-moment interaction between affectivity and coping behaviours in bipolar disorder and the role of cognitive appraisals
Authors: Michelle Hoi-ting Leung, Suzanne Ho-wai So, Nate Tsz-Kit Kwok, Iris Hoi-ching Ng, Pui-shuen Chan, Chloe Chor-wing Lo, Shirley Na, Arthur Dun-ping Mak ,and Sing Lee
Publisher: Cambridge University Press
DOI: 10.1192/bjo.2019.35
DOAJ URL: https://doaj.org/article/9c723e206303429b87dd26d697a019c0
Source URL: https://www.cambridge.org/core/product/identifier/S2056472419000358/type/journal_article



### Image Attribution ###
Background images were sampled from the source article

### Channels ###
YouTube Channel: https://www.youtube.com/@socialrtcltv
Odysee Channel: https://odysee.com/@social_rtcl_tv

### Video Timestamps ###
0:00:00 - Summary 
0:00:30 - Title 
0:00:37 - End","This study examined how individuals with bipolar disorder respond to their emotional state through coping behaviors. The results showed that negative effect was associated with increased rumination, while positive was adaptive coping. Furthermore, extreme cognitive appraisals were found to strengthen these relationships. This suggests that feedback loops exist between effective states and coping behaviors in the daily lives of individuals with bipolar disorder. This article was authored by Michelle Hoiting-Lung, Susan Hoaiso, Nate Tiersedkit-Kwok, and others.",3,0.0,0,0,0,0,0.0,Youtube
lRaANJuKScE,7 Signs that you've ANXIETY 🤯 #Shorts,"Having suffered through an anxiety disorder first hand I can definitely tell you it’s not just feeling restless. Anxiety is so much more and it impacts your life in so many ways. You could be constantly having a lot of behavioral effects and not even know it’s because of anxiety. Your gut has a direct relation with your brain. If your brain isn’t doing well there is a big chance that it will impact your gut health as well. You could experience indigestion, heartburn, bloating, acid reflux, and diarrhea. Anxiety also affects your memory, heart rate, skin and hair health, sleep cycle, etc. In order to achieve optimum health, you need to make sure you are both physically and mentally healthy. Deep breathing, listening to music, getting physical activity, meditation, etc are some of the ways with which you can calm yourself down. However, if none of these work and your anxiety starts impacting your day-to-day life then it is time to consult a professional.
 
Check out my Instagram: https://www.instagram.com/aanya_sharmma_/
Check out my primary YouTube Channel: https://www.youtube.com/channel/UCIIgV1SIcU014iky946ktyg?sub_confirmation=1
Check out my Website: https://protone.fit/

#shorts #AnxietyAwareness #MentalHealthAwareness  #Anxiety"," You ain't nothing but a dog, play your eye, you kid, frog, play your eye, you kid, hunts, and hunts, fun, you with a man, you with a man, you ain't nothing but a dog, you with a man, you with a man, you with a man, you with a man, you with a man, you with a man,",1405,47.0,0,0,0,0,11.0,Youtube
O6dgCRkyrIc,#pov : you must pick tourette’s or anxiety you pick tourette’s (⚠️TW-#awareness ) #tourettes #short,,I'm sorry I'm sorry I'm sorry I just came out. Please just keep it in for this please. I need to go. I can't just keep it in.,154954,12813.0,0,0,0,0,248.0,Youtube
iiHAnwJo69g,Do I Have High Functioning Depression?,"Subscribe to me @Dr Julie  for more videos on mental health and psychology. #mentalhealth #mentalhealthawareness #shorts

👇Links below for my new No.1 bestselling book - Why has nobody told me this before?

Amazon UK - https://amzn.to/33DZFgO 
Audiobook UK - https://amzn.to/33cmsQA
Amazon USA - https://amzn.to/3qbo4Dp
Audiobook USA - https://amzn.to/3smyC2D
Other links - https://linktr.ee/drjuliesmith

Feel free to hit that SUBSCRIBE button for more videos! 


📷 Instagram - https://instagram.com/drjulie
🎥 TikTok - https://www.tiktok.com/@drjuliesmith
🙋‍♀️ Facebook - https://www.facebook.com/DrJulieSmith
🐦 Twitter - https://twitter.com/Dr_Julie_Smith
🖥️ Website - www.doctorjuliesmith.com

📘 My No.1 Bestselling New Book Is Out Now 👉 https://linktr.ee/drjuliesmith

WHO AM I:
I'm a clinical psychologist. I am here to share insights from therapy and psychology research so that you can make use of it in your daily life to understand how your mind works and optimise your own mental health. I cover all things from confidence and motivation to mood and anxiety. I look forward to chatting with you in the comments."," So what is high-functioning depression? Now, depression doesn't start the day you can't get out of bed. In reality, very few people suddenly become debilitated by depression. Mostly that builds up over years of struggling to keep your head above the water while meeting all of life's expectations at the same time. So you can be deeply suffering with the symptoms of depression, even though you're still getting by doing everything that you're supposed to do. That's why it's called high-functioning depression. And because outwardly, everyone can see how well you're coping with life. So it can be even harder to tell anyone because you feel this deep shame and you can't imagine how anyone would even believe you. So your suffering stays silent. But high-functioning is not the same as happy and healthy. The term high-functioning is not a clinical diagnosis, but depression is. And the fact that you can make it to work or school every day does not mean that your mental health couldn't benefit from some work and some support.",1814558,143505.0,0,0,1,0,1476.0,Youtube
XeT25DgkJeE,Thomas’ first Big Feet Plush #shorts #disney #autism,," I'm going to go to the beach. Oh, I want to wave. Have you liked it?",12816,677.0,0,0,0,0,28.0,Youtube
BSpH3LAI0qM,Mental illness 😭 #delusional #mentalillness #shorts,,None of it was real.,5188,138.0,0,0,0,0,1.0,Youtube
OERUqUnLzxw,Addiction is a mental illness 💯 #shorts #youtube,,Music,1684,65.0,0,0,0,0,1.0,Youtube
tVb3tRB-w8A,God Freed Me from an Eating Disorder — Lisa Bevere #shorts,"Watch the full lesson here: https://youtu.be/uQpD5T6PUCE

Watch my full Strong Course on MessengerX: https://go.MessengerX.com/Strong

Get my Strong Devotional here: https://store.messengerinternational.org/products/strong 

#lisabevere #lisabeverestudy #lisabeverecourse #lisabevere #strong #strongdevotional #lisabeverestrong #christianstudy #strongwomen #strong #freedomfromeatingdisorder #eatingdisorder #onlinecourses #summerofstrong 

______________

Make a one-time donation to help fund our livestreams, content, events, and more: https://messengerinternational.org/ 

Become a monthly ministry supporter. Partner with Messenger International and I to distribute free resources around the globe: https://app.messengerx.com/en-US/donate 

______________

Stay Connected:
Follow me on Instagram → https://www.instagram.com/lisabevere
Follow me on Facebook → https://www.facebook.com/lisabevere.page
Follow me on Twitter → https://twitter.com/LisaBevere
______________
For information on my books, resources, speaking schedule, and more, visit LisaBevere.com"," I believed that if I was thin, if I weighed this magical number on the scale, then I was strong, then I was free, then I was worthy of love. But I had a crisis. See, I was engaged to get married, and I got so depressed that I outgrew the wedding dress. I had bought a wedding dress in the hope that I would be able to lose enough weight to wear it, but instead I gained so much weight, they couldn't even zip it up. I remember falling on my face and saying, God, now that I've become a Christian, I am fat. Like it was his fault. He was like, I didn't make you eat that whole row of chocolate chip cookie dough. I didn't make you eat that Domino's Pizza by yourself. Listen, he said, you have an idol, and he said, give this to me. I remember thinking, but that's a carnal thing. It's the carnal thing. He said, anything that has control over you is a concern for me.",29836,3766.0,0,0,0,-1,37.0,Youtube
FS7B6Vkoofo,Mental health #shorts #youtubeshorts #mentalhealth #mentalillness #wakeupcall #bebetter #domore,"Join this channel to get access to perks:
https://www.youtube.com/channel/UCcESXxDL44GQJo-NrXFYORg/join

Buy Our Gear At:
http://www.SOETacticalGear.com

Love SOE? Shop on Amazon? Before you make any Amazon purchases, go to the SOE Homepage (http://www.SOETacticalGear.com) and CLICK on the Amazon Icon and SOE gets some of Amazon's profits from any purchase you make in the next 24 hours!! https://amzn.to/3sAEtRF

Want your own Harvest Right freeze dryer? Please use our affiliate link: https://affiliates.harvestright.com/1024.html

Beef jerky seasoning and cure : https://amzn.to/3O1V8b2

Mental health shorts, youtube shorts, mental health, mental illness, wake up call, be better, do more","Plenty of apps and shit you guys can do right if you don't want to go see it. I think it's going to fuck you up more. Like the last thing I need to do is go sit with some motherfucker. It's going to listen to my like, you know how many psychologists fuck female patients because they come in and they open them up into a vulnerable position and it just like, I think it fucks you up. I do not like, if you can't prick my finger and take a blood test to tell me what's wrong, you're lying to me. I think a lot of psychology psychiatry is just to sell you drugs. And I honestly believe that when you sit and dwell on shit and negativity, all you are doing is bringing more fucking negativity into your life. If you sit there and dwell on, oh, I don't have any money or, oh, I'm so unhealthy or, oh, my girl hates me or whatever. Guess what? All that shit's just going to fucking get worse.",3582,299.0,-1,-1,-1,-1,13.0,Youtube
HBIfl_o93cU,How to manage stress and anxiety in school #shorts,"Stress and anxiety are inescapable parts of school. This is how I manage them.

💸 FREE STUFF
1️⃣ Our courses ➔ https://bit.ly/ckaclass
2️⃣ We help you get into med school ➔ https://bit.ly/2map2med

🙏 Thanks for watching!
- Mike and Matty","This is how I manage stress and anxiety in school and life. Step one is to understand we have a choice of how to respond to anxiety. Our brains way of protecting us from danger, but it doesn't always know what's actually harmful. So no matter how tough it gets, much you want to rip out your hair and burn your books, remember that you have a choice of how you want to respond to that stress. Step two is to choose gratitude. Be grateful for the work that you've done, how far come, and the progress you've made. And remember that you're even thinking proactively about your anxiety in the first place looking for solutions. This allows us to reflect on the facts that we aren't screwed like wants us believe.",251109,20887.0,0,0,0,0,159.0,Youtube
NdYCNW5ge7A,Dealing with anxiety - Mufti Menk ||aesthetic | powerful speech | #muftimenk #islamicstatus #shorts,," Allah says you cannot have Prophet every day. You have to have a loss. You have to have some element of fear, anxiety has to come in your life. There's no chance that we're not going to have someone without anxiety. You don't know the future. That itself is a level of anxiety, but faith will keep you going with calmness.",26268,3521.0,0,0,0,0,22.0,Youtube
Q0VBGGTqQgs,Kathy Griffin reveals unique PTSD coping methods and links struggles to past Trump-era controversi..,," Kathy Griffin, a comedian known for her extreme anti-Trump stance, recently opened up about her unconventional PTSD coping methods.  Remember Griffin? Her career plummeted after a distasteful photo with a mock-severed head of President Trump in 2017.  Despite the professional fallout, she's trying to stay in the limelight by sharing her struggles with lung cancer and PTSD.  In a Vulture interview, she talked about her cat-cow yoga technique, where she makes animal sounds.  Griffin insists it's for her well-being during PTSD attacks.  Griffin's attempt to connect her personal issues with the broader political climate, citing the trauma of the Trump era, seemed like a far stretch,  especially when considering her controversies are largely self-inflicted.  Dive deeper. Tap the link on our channel.",747,3.0,0,0,0,0,3.0,Bitchute
MjJhAvXEBzc,When jack sees a cat #bluey #adhd #shorts #short,Jack and rusty walk past a cat. Jack loves cats xanity @makiswastaken,Like and subscribe!,2985,73.0,0,0,0,0,4.0,Youtube
bCbnJrh_PLQ,Is Clenching an AUDHD thing?? #adhd #autism #adhdproblems #shorts,"This video changed 100 times - from an exciting travel vlog to a try to have fun at home to a realistic outcome for an ADHD and Autistic person! 

I wanted to be honest with you, there’s no point of making my life seem better than it is. And so here’s the reality behind unexpected changes in plans. 



Follow me on socials:
@hayley.honeyman 


#adhd #adhdproblems #autism #adhdtravel #traveling #adhdbrain #adhdrelief #adhdproblems"," I need to know if everybody does this or if this is just an ADHD or autism thing. I was just standing here making a peanut butter sandwich for dessert. Having a grand old time. Then I realized I was clenching my butt so hard. For no reason whatsoever, just as hard as I possibly could. And I had to actively be like, no, unclench, unclench, relax, relax. Why do I fully tense my body sometimes with no explanation? Huh?",59517,7267.0,0,0,0,0,548.0,Youtube
lREzP3sDYUI,5 Ways How To Deal With Depression #shorts #psychologyfacts #subscribe,," I know it tells me that I should walk away But I just wanna stay And my friend said I know you love her but it's over, mate It doesn't matter, put the phone away It's never easy to walk away Let her go It'll be okay It's gonna hurt for a bit of time So barons out",10272,853.0,0,0,1,0,17.0,Youtube
lBosP1ea6pdQ,"When you stop treating mental illness, it pours out into society",where we all are forced to suffer and deal with it.," Fuck Hot 97, shoot up them blood niggas, they don't want to fuck with us.  What's cracking? Everything is cracking. It ain't Troy if it ain't Blue.  Whoa, yo.  DJ Blue, you know you fuck with the movies.",436,4.0,0,0,0,0,1.0,Bitchute
qt2Bpryqnv0,Having OCD with EDC Part 2.. #shorts #edc,"https://my-store-dd853f.creator-spring.com/

Join The Krew and Subscribe

Thanks For Watching

*Do Not Recreate Anything Seen on This Channel*

https://www.Instagram.com/DanKrewD",Music,6951354,213875.0,0,0,0,0,380.0,Youtube
Vn1S5EsD45o,"Originally posted August 8th, 2022 #ADHDinwomen #ADHD #neurodivergent #youtubeshorts #shorts",https://youtu.be/ozFGCZOwlxY,"Here are some more symptoms of ADHD in women. From a fellow ADHDite, ADHDin? I have ADHD. So having ADHD doesn't mean that you can't pay attention. It means that you want to pay attention to everything. In women, the hyperactivity is much more mental than it is physical. So my brain is constantly going a million miles an hour and that's often reflected in how quickly I can speak. It also doesn't mean that you're a bad student. I graduated high school with a 4.2 GPA and I graduated college Magnum Cum Laude. I can do work very quickly but I often make careless mistakes so I would turn in an assignment but I'd forget to put my name on it. I'm terrible at responding to texts and emails because in my mind every message is a new task and it becomes very overwhelming very quickly. I really don't like watching movies but I can binge watch a TV show because there's built-in breaks between episodes. I'm always interrupting people when they're talking to me because they'll say something and that will make me think of something and I want to say it to them before I forget. I constantly have music and phrases stuck in my head. It is never quiet in my brain.",71771,6533.0,-1,0,-1,0,162.0,Youtube
9whgryk-jdY,John MacArthur on Mental Illness,"#shorts


Romans 12:2 And do not be conformed to this world, but be transformed by the renewing of your mind, so that you may prove what the will of God is, that which is good and acceptable and perfect.

Theological Reference Material:
NASB, MacArthur Study Bible: https://amzn.to/3Hdl5iV
NASB Zondervan Study Bible:  https://amzn.to/3BCkxlM
Systematic Theology (Wayne Grudem):  https://amzn.to/3BHSAJ9
Biblical Doctrine (MacArthur):  https://amzn.to/3BC288y
The Essential Scriptures: A Handbook of the Biblical Texts for Key Doctrines:
https://amzn.to/3JDy1Am

DISCLAIMER: “Disclosure of Material Connection: Some of the links on this page above are “affiliate links.” This means if you click on the link and purchase the item, I will receive a very small affiliate commission. Regardless, I only recommend products or services I use personally. I am disclosing this in accordance with the Federal Trade Commission’s 16 CFR, Part 255: “Guides Concerning the Use of Endorsements and Testimonials in Advertising.”


This video could contain some copyrighted material; The use of which has not been specifically authorized by the copyright owner. We are making such material available for the purposes of Criticism, Comment, Review, News Reporting and etc. which constitute the fair use of any such copyrighted material as provided for in section 107 of the US Copyright Law. Notwithstanding the provisions of sections 106 and 106A, the fair use of a copyrighted work for purposes such as Criticism, Comment, Review, News Reporting is not an infringement of copyright."," But from a cultural standpoint, from the standpoint of compassion, any compassionate society, any compassionate culture would find a way to gather these people together, to bring them to some level of sanity, to some level of health, to some level of well-being, and care for them as those created in the image of God. And then we would have opportunities to perhaps expose them to the gospel.",23624,2034.0,0,0,0,0,49.0,Youtube
NxHUrzyrBsI,Schizophrenic slowed meme,, Music,87909,6887.0,0,0,-1,0,82.0,Youtube
lA0akWhmLhU,Common Symptoms of Anxiety #shorts #psychologyfacts,,Music,2209,64.0,0,0,0,0,18.0,Youtube
c9REsOZljcc,"Pharma ""sold"" anorexia to Japan! For profits? #shorts","Pharma ""sold"" anorexia to Japan! For profits?", and how they sort of sold the Japanese anorexia so that they could treat it when it didn't really exist there anymore. Yet conferences and influencers who would come out and say I've been experienced at China as well that you know basically the pharma that they went and they paid therapists to start to talk about this as a mental health issue and then they were able to sell tons of drugs.,49861,2985.0,0,0,0,-1,112.0,Youtube
aPpQgvZYToo,Manage The Day | Gentle Autism #shorts,,A day in the life of a two-year-old toddler. Can I get a coffee? Yeah. Here. I just want to... Alright. You can come.,168412,,0,0,0,0,318.0,Youtube
uxfsZMtABmU,this is what a panic attack sounds like #riovaz #shorts,,I can't take my words back until it's real And I have lost my head and it's how I feel,10205,980.0,0,0,0,0,27.0,Youtube
yyB2oEYKM6U,Andrew Tate on Depression #shorts #mindset #andrewtate,"Listen Up! We post daily motivation and inspiration so that you can hear what you need to hear. Only YOU can change your life. Only YOU can make yourself  into the person that you want to be. We are here to help you and to engrave that into your head.

Need motivation? Consider subscribing and sharing our videos! We upload every single day!","We talk about depression, anxiety, all those things you mentioned in the earlier on this podcast. You load your own weakness, you load your own laziness. This is what all of these things are. I don't feel depression. How can I feel depression when I'm the most powerful version of me that I could ever f**king be? How can I feel depression when I could squeeze my own hand hard enough to break my own bones? How can I feel depression when I've smashed and destroyed 68 people's faces in front of me? Men who thought they could test me in fair combat. How can I feel depressed? It's impossible....",64490,3878.0,0,0,0,0,101.0,Youtube
28PZ4m8bCAY,God HEALED Me from an Eating Disorder and Rage — Lisa Bevere #shorts,"Watch the full episode here: https://youtu.be/cg7z3UXLrG8

#johnbevere #conversationswithjohnandlisabevere #lisabevere #lisabeverestudy #johnbeverestudy #johnbeveretheology #lisabeveretheology #theology #christianity #christianpodcast #faithpodcast #christianfaith #unstoppable #powerofthecross #resurrection #overcometheenemy #carryyourcross 

______________

The Conversations Podcast podcast is available on Apple Podcasts, Google Play, and Spotify. Subscribe on your favorite podcast platform to get the audio-only version so you can take it on the go!

We love hearing from you! Drop a comment to tell us what spoke to you in this episode. If you have questions you'd like us to tackle in future episodes, drop them in the comments, and we'll work hard to get to them!

______________

Make a one-time donation to help fund our livestreams, content, events, and more: https://messengerinternational.org/
 
Become a monthly ministry supporter. Partner with Messenger International to distribute free discipleship resources around the globe: https://app.messengerx.com/en-US/donate"," I can give a testimony of where the cross had an intersection with my life. I had an eating disorder and God healed me of an eating disorder. I had problems with incredible rage, not just the anger, rage and wrath. And God healed me from that. So whatever the cross is intersectional or your life has been is what you take out and give testimony to the power of the cross in your life. This was the resurrection power of Christ in my life. You know, only eternity will reveal the brilliance of the cross. I believe that the cross was actually how God defeated the enemy. It says that He put to death the enmity between heaven and earth with the cross.",6096,1200.0,0,0,-1,-1,20.0,Youtube
kLnS071dIFQ,Bipolar playlist 😂 #funny #shorts,"I do not own copyright©️ to the song or video, all credits goes towards its rightful owner.

Song “Temperature” by Sean Paul.","If you leave me, let down slowly",38,,0,0,0,0,0.0,Youtube
rWKYkXH3API,Somatic symptom disorder or somatoform disorder #shorts,"#Somaticsymptomdisorder #shorts
Somatic symptom disorder or somatoform disorder is describing the diseases that are caused by a mental disorder but expressed in physiological ""real"" symptoms. Remember when you were a kid and this happened? you didn't wanna go to school soooo bad that your body actually got sick for you. Well kinda like that a chronic non- diagnoseable disease can form where it fits so many but inconsistent known illnesses that nobody can be sure what the source of the symptoms is. Well now you can't say that your mental health is not important since is is affecting your physical self as well! Busted!","Remember back in school where you would be stressed and anxious because of a test, bullying, or a crush or whatever? But you didn't want to go and you'd get a tummy ache or even fever. Mom, I can't go to school today, I've got a fever. I'm not talking about the pretended ones. Oh, you know what I'm talking about. We all did it sometimes. No, I mean the actual symptoms. Well, this is called somatic symptom disorder or somatiform disorder, where you can get physical measurable symptoms because of a mental disorder. This is of course a very light and common example I gave here, but the principle applies for a whole lot of other chronic diseases that can make your life really difficult for years and every doctor it despairs because he can't diagnose anything specific except for stress and anxieties. This is brought to you by Jörgös, a brilliant commenter on my previous video who made me aware of it. Subscribe for more nerdy facts about humans.",284,31.0,0,0,0,0,4.0,Youtube
8e8lN2GvYv0,Non verbal does not mean she can’t communicate 🥰 | Autism #shorts,,That one time I tried a new hairstyle on my toddler. She did not hold back on how she felt. No. No. I know I can't get it tight on this side. I don't know why.,585329,,0,0,0,0,556.0,Youtube
YqLwvkMPaYw,Sign language | Non verbal Autism #shorts,," Sign language with my nonverbal daughter. Fruit? Fruit? Can you do that? Yes, can you do that? Can you bite now? Good job! Sweet? You like it? Good, eat eat? Good, eat eat? Sweet? Sweet? You like it? Good job!",384533,,0,0,0,0,419.0,Youtube
s1gSdCkEf-o,what i eat in a day in ANOREXIA RECOVERY before vacation #shorts,," This is what I ate in a day before going on vacation for Christmas break and recovery. For breakfast, I made some Christmas tree waffles and I topped them with peanut butter and banana with some yogurt on the side because the holidays aren't a reason to restrict and you deserve to eat whatever it is that you want, even if you're going on vacation. I made myself a cozy cinnamon latte and I enjoyed that with an advent calendar chocolate and then I wanted some peanut butter toast, but I also wanted chocolate again, so I had peanut butter and chocolate toast. Then I had my lunch, which was boring, but then I had a brownie bowl and oatmeal and more chocolate since I was behind.",15844,1058.0,0,0,0,0,19.0,Youtube
1DtV1h6qAj9t,Foolish and naive young Irish adults asking the government to care about mental health,"The Irish government is one of the main reasons why there is so much bad mental health and suicides for teens and young adults in Ireland, but these naive students believe that the government actually cares. These young students have a hard lesson to learn."," My wish for World Mental Health Day would be to normalise mental health amongst young people.  My wish for World Mental Health Day is that everyone feels seen no matter where they are,  how they are. My message to the government would be that we want to be heard, young people want to  be included. I'm 18 in a few months, I'm able to vote so are a lot of my peers so we want to see  the government prioritising mental health and that early intervention. People my age would  definitely say that the space at the moment is absolutely complex and it's just an ever-growing  problem considering the cost of living crisis and then people my age are starting college,  just going to college. Their choices in college and what they want to do with their future is  so limited it's disheartening and discouraging for them. It's quite ironic the budget day is  on mental health and mental health care. It's quite ironic the budget day is on mental health  and mental health care. It's quite ironic the budget day is on mental health and mental health  care. It's quite ironic the budget day is on mental health and mental health care. It would be good  to see if they even mention it because obviously it's going to have some effects on people.  Show that you care, show the young people that you care, do your research because I think often  or not they haven't even a clue what mental health is or how much the young people of Ireland  are suffering.",361,9.0,0,0,0,0,27.0,Bitchute
31Tge1YjZZyg,"🤪😜 DO YOU ALSO HAVE ""ADHD""? | DEATH TO SHRINKS",," symptoms of ADHD that they list is a strong sense of justice. That's a psychiatric condition  in America. They're like, what the fuck? He notices right and wrong. He's some new type  of retarded. We've never seen him before. We need to give him meth every day until he's  normal and doesn't feel bad about anything.",422,18.0,0,0,0,0,4.0,Bitchute
ki4Q-wVe3nM,Prayer to Destroy Anxiety #shorts,," Heavenly Father, I wanted to lift up the person on the other side of this screen. I pray for their sleep tonight Lord and for anyone who is facing a lot of anxiety in their life. Lots of racing thoughts are coming. A lot of lies from the enemy are being planted in their head. And I pray that they rebuke these lies from the enemy. Use the authority that's been given to you through the power of the Holy Spirit to speak to those lies, to speak to that anxiety. You are not an anxious person trying to get free from your anxiety. You are already free fighting off attacks of anxiety. Demonstrate the Holy Spirit power in you that exists and is alive and strong and perfect. And use it to speak to that anxiety and pray and ask God and receive for healing and peace. In Jesus' name I claim amen. God bless you. Follow for more prayers.",14150,4597.0,0,0,0,0,274.0,Youtube
v8dEHmvwwnQ,"Let go of anxiety, listen to them word of God about anxiety. #shorts #christianity #anxietyrelief",,"Bible verses about anxiety. First John 4 18. There is no fear in love, but perfect love drives out fear. Because fear has to do with punishment. The one who fears is not made perfect in love. Second Timothy 1 7. For the Spirit God gives us does not make us timid, but gives us power, love, and self-discipline. Isaiah 40 31. But those who hope in the Lord will renew their strength. They will soar on wings like eagles. They will run and not grow weary. They will walk and not be faint. Matthew 6 26 27. Look at the birds of the air. They do not sow or reap or store away in barns. And yet your Heavenly Father feeds them. Are you not much more valuable than they? Can any one of you by worrying add a single hour to your life? Full length meditations on our YouTube channel.",34,2.0,0,0,1,0,0.0,Youtube
IvlonI4JeHrG,ADHD & FOLIC ACID – ANOTHER BIG PHARMA POISON SCAM,"There is poison in our food, water and 'medicine'
Folate was discovered - WRONG, CREATED! - between 1931 and 1943. It is on the World Health Organization's List of Essential Medicines. In 2019, it was the 89th most commonly prescribed medication in the United States, with more than 8 million prescriptions. The term ""folic"" is from the Latin word folium (which means leaf) because it was found in dark-green leafy vegetables
#MOVIE #MUSIC #HEALTH #Q #QANON #REALNEWS #BILLYJONES #VACCINES #ADHD #FOLICACID #YELLOW YELLOW5 #KANGEN #KANGENWATER #NEWS #POLITICS #MOVIE #HEALTH #MEDICINE #HOLISTIC #NATURALREMEDIES 
Birth defectsFertilityHeart diseaseStrokeThe absolute risk of stroke with supplementation decreases from 4.4% to 3.8% (a 10% decrease in relative risk).[12] Two other meta-analyses reported a similar decrease in relative risk.[42][43] Two of these three were limited to people with pre-existing cardiovascular disease or coronary heart disease.[12][42] The beneficial result may be associated with lowering circulating homocysteine concentration, as stratified analysis showed that risk was reduced more when there was a larger decrease in homocysteine.[12][42] The effect was also larger for the studies that were conducted in countries that did not have mandatory grain folic acid fortification.[42][43] The beneficial effect was larger in the subset of trials that used a lower folic acid supplement compared to higher.[42][43]Cancer[edit]Chronically insufficient intake of folate may increase the risk of colorectal, breast, ovarian, pancreatic, brain, lung, cervical, and prostate cancers.[6][44][45]Early after fortification programs were implemented, high intakes were theorized to accelerate the growth of preneoplastic lesions that could lead to cancer, specifically colon cancer.[46][47] Subsequent meta-analyses of the effects of low versus high dietary folate, elevated serum folate, and supplemental folate in the form of folic acid have reported at times conflicting results. Comparing low to high dietary folate showed a modest but statistically significant reduced risk of colon cancer.[48] For prostate cancer risk, comparing low to high dietary folate showed no effect,[49][50] but the same two studies reported a significant increased risk for prostate cancer correlating to elevated serum folate.[49][50] Two reviews of trials that involved folic acid dietary supplements reported, respectively, a statistically significant 24% increase in prostate cancer risk[13] and a not significant 17% increase in prostate cancer risk.[51] Supplementation with folic acid at 1,000 to 2,500 μg/day – the amounts used in many of the supplement trials[13][51] – would result in higher concentrations of serum folate than what is achieved from diets high in food-derived folate. The second study reported no significant increase or decrease in total cancer incidence, colorectal cancer, other gastrointestinal cancer, genitourinary cancer, lung cancer or hematological malignancies in people who were consuming folic acid supplements.[51] A third supplementation meta-analysis limited to reporting only on colorectal cancer incidence showed that folic acid treatment was not associated with colorectal cancer risk.[52]
Neurological disorders[edit]Conversion of homocysteine to methionine requires folate and vitamin B12. Elevated plasma homocysteine and low folate are associated with cognitive impairment, dementia and Alzheimer's disease.[61][62] Supplementing the diet with folic acid and vitamin B12 lowers plasma homocysteine.[62] However, several reviews reported that supplementation with folic acid alone or in combination with other B vitamins did not prevent development of cognitive impairment nor slow cognitive decline.[63][62][64]A 2017 meta-analysis found that the relative risk of autism spectrum disorders was reduced by 23% when the maternal diet was supplemented with folic acid during pregnancy. Subset analysis confirmed this among Asian, European and American populations.[65]Some evidence links a shortage of folate with clinical depression.[66] Limited evidence from randomized controlled trials showed using folic acid in addition to selective serotonin reuptake inhibitors (SSRIs) may have benefits.[67] Research found a link between depression and low levels of folate.[68][69] The exact mechanisms involved in the development of schizophrenia and depression are not entirely clear, but the bioactive folate, methyltetrahydrofolate (5-MTHF), a direct target of methyl donors such as S-adenosyl methionine (SAMe), recycles the inactive dihydrobiopterin (BH2) into tetrahydrobiopterin (BH4), the necessary cofactor in various steps of monoamine synthesis, including that of dopamine. 
FOR EDUCATION ONLYREPOSTED.MIRRORED"," This federal government decided we would spray our entire grain supply with folic acid, this man-made chemical.  We don't call it sprayed with folic acid, we call it fortified or enriched.  So if you spin a box of crackers around and you see the words fortified or enriched, that means sprayed with folic acid.  Now let's take a child. They're getting ready for school in the morning.  They have this gene mutation. You've pumped them full of folic acid-laden foods.  Pop-tarts, white bagels, cocoa puffs, cereals.  Now you just dumped folic acid into their body.  And then by the time they get to school, the teacher's calling saying, hey, little Johnny can't pay attention.  He doesn't concentrate, he doesn't focus, he doesn't finish his assignments, he's not following directions.  He's got ADHD. We need to bring in the Ritalin to control this.  And the truth is, ADHD is not even an attention deficit disorder at all.  It's an attention overload disorder.  And then what modern medicine wants to do is give you an amphetamine to speed up,  race the central nervous system to match the pace of the mind.  Instead of putting just amino acids into it.  The bloodstream that allow the mind to naturally quiet.",761,19.0,-1,-1,-1,-1,6.0,Bitchute
IOGKwaBmjnQ,Bipolar People in Ancient Greece Using Lithium #shorts,"Over 1800 years ago, Ancient Greek physician Soranus of Ephesus began advising his patients to bathe in and drink the alkaline waters found in mineral pools in his hometown. He found that it calmed patients experiencing mania and lifted the spirits of those experiencing melancholia (depression). We now know those waters contained high levels of Lithium. 

Subscribe for more Bipolar fun facts and stories.

#bipolar #bipolar1 #bipolardisorder #bipolardisorderawareness #bipolarawareness #lithium #ancientgreece #ancientgreek #history #mentalillness #mentalhealth",And then I found me a little to play the bass He's kinda quiet but his body aches Spend the day dreaming in the nights awake Doing things we know we shouldn't do,1913,50.0,0,0,0,0,0.0,Youtube
lwQ01TsuPLA,This is one reason depression is so common #society #awareness #depression #shorts #fyp,," We need to catch on to how we making the wrong things seem cool like being a cheater and being this lawyer being a player and being a city girl, a city boy. We made that just a normal cool thing to do. We made saying phrases like I'm gonna kill myself or kill yourself. We made that a cool phrase when people actually die from suicide. People actually kill themselves and you you just saying it as a regular phrase. We made it just a normal regular thing. Notice how everything that's like bad is becoming just a cool thing now like we making so many things cool no wonder depression gonna be coming no one a suicide risk gonna go up because in this society we've made everything all these negative things we made it cool we made it just a normal thing to do a normal thing to be when really it's not normal bro why but to the purity of the world happen to the purity of the souls you know in san phrase like I'm gonna kill yourself kill yourself or I'm gonna kill myself san phrase like that shouldn't just be a normal cool thing you know we've made so many things",623,64.0,0,0,-1,0,15.0,Youtube
Y1JMsfxGUZ4,Dua of depression and anxiety.#shorts#ytshorts#viral,Dua of depression and anxiety., Thank you.,244,48.0,0,0,0,0,14.0,Youtube
45Bc03Di7UU,Sneako Speaks about Mental Health! #shorts,Full Podcast out Now link in bio! #fyp #secret #millionaire #movlogs #podcast #podcastlife #expensive #friends #ignore #invest #crypto #success #dediacton #work #mindset #lifestyle #money #topg #happiness #lifestyle #theahmadmahmoodshow #motivation#sneako #myrongaines #rumble #networth #happy #positivity #feminism #trailer," mental health is talked about too much. I think if you start believing that you have mental health problems, that's when you're going to have mental health problems. And I don't want to disrespect therapy. A lot of people do need it. But my point in talking about this is that mental health is talked about too much is better to not talk about it. It used to be something that people were embarrassed about. You wouldn't want to tell people. Now people make it their personality trait. People put it in their bio on Twitter depressed with two stars, like ironically calling themselves depressed. And that's going to make you even more depressed. Definitely should not put depressed in your bio. Let's say you went through an incident where something really bad happened. It was nothing you could have done to control it. That's yeah, of course. Talk about it.",12267,487.0,0,0,-1,-1,25.0,Youtube
gVx1y2SIFn0,Remove Your Anxiety or Panic Attack ☺️🙂 #shorts #youtubeshorts #anxietyrelief,"3 Tips For Remove Your Anxiety or Panic Attack ☺️🙂#shorts #youtubeshorts 
 #anxietyrelief 
#anxietytips 
#thinkwithrajdwip","These three tips are to keep in mind that you can control your anxiety. 1. To control your bad thoughts, pick up anything at home and then keep it. Like, pick up the bottle and then keep it. Pick up any cup and then keep it. Meaning, keep yourself busy in any work. 2. Read anything or listen to any audiobook that you can easily find in YouTube or Play Store. 3. If this is not the case, then take some water in a bowl, take some ice, then hit that water with a brush in your mouth for 3 to 10 seconds. That's it, your anxiety is over. For more interesting videos, subscribe to the channel.",1090,,0,0,0,0,0.0,Youtube
px7yku9rs2w,Life Without Anxiety - bpd - Mental Health Awareness #bpd #borderlinepersonalitydisorder #shorts,"Can borderline personality disorder and anxiety coexist?

Life without anxiety - with bpd
borderline personality disorder 
living with bpd shorts

About the host: 

BPD Recovery - I'm learning to live with Borderline Personality Disorder and Anxiety and Depression.

My intended audience is people interested in mental health education, specifically aiming towards BPD, major depressive disorder, anxiety and depression, trauma, personality disorders, addiction, wellness tips, coping strategies and emotional regulation.

This channel is to show an inside perspective of living with BPD, anxiety and depression and what goes on in the mind of someone who is recovering from those mental health problems. 

I do joke about my mental health and find this helps me to deal with the very real symptoms of my mental health problems. At the same time I hope to bring some humour and comedy to others who are going through the same struggle. I'm still learning to cope and hope you enjoy and maybe relate to my take on my mental health as I go through life and mental health (bpd) recovery. 

trending shorts
bpd 
viral videos
viral shorts

Find me on TikTok:
https://tiktok.com/@mixedworldview

#viral 
#trending 
#shorts 
#youtubeshorts 
#viralshorts 
#funny 
#comedy
#youtubeislife 
#shortsfeed 
#shortsfunny 
#bpd
#mentalhealth 
#mentalhealthawareness 
#anxiety 
#anxietyrelief

How to get rid of depression
How to get rid of anxiety
How to control anxiety
Borderline personality disorder
BPD symptoms
mental health
mental illness
mental health awareness
mental health tips
mental health matters
mental health awareness month
how to improve mental health
how to overcome depression
how to beat depression
how to fight depression
depression and anxiety
how to deal with depression
dealing with depression
depression motivation
signs of depression
overcoming depression
Anxiety disorder
Anxiety symptoms
Borderline personality disorder symptoms
Borderline personality disorder treatment
Bpd disorder
Bpd episode
Bpd symptoms
Bpd treatment
Common anxiety symptoms
How to improve mental health
Signs of bpd
Social anxiety
What is anxiety
borderline personality disorder
quiet bpd symptoms
signs of borderline personality disorder
BPD symptoms
Bpd disorder
borderline personality disorder
mental health
bpd symptoms
borderline personality disorder symptoms
Mental health
mental health awareness
how to improve mental health
borderline personality disorder treatment
bpd treatment
signs of borderline personality disorder
bpd episode
signs of bpd
what is borderline personality disorder
Anxiety
social anxiety
anxiety disorder
what is anxiety
common anxiety symptoms
symptoms of anxiety
Bpd espisode
borderlinepersonalitydisorder",I ain't sayin' nothin' Life without parole It was him Oh! That dude that's not just me had a behind girl right there.,2271,31.0,-1,-1,-1,0,2.0,Youtube
JaAM2Kc2ecM,The Solution To Depression #shorts,"►►Ask Rabbi Manis Friedman Your Questions In His Private VIP Community: https://itsgoodtoknow.org/join-the-community?utm_campaign=organic&utm_content=010101&utm_medium=video&utm_source=youtube&utm_term=description

Get access to weekly conversations with Rabbi Friedman: https://itsgoodtoknow.org/VIP
Buy the Rabbi's bestselling book at: https://itsgoodtoknow.org/lifematters

We Need Your Help!
To support the work of Rabbi Manis Friedman please visit: https://itsgoodtoknow.org/donation
For information on upcoming events and to join the email list please visit: http://itsgoodtoknow.org

Follow Rabbi Manis Friedman on social media:
Tiktok: https://www.tiktok.com/@therealrabbimanis
Instagram: https://instagram.com/RabbiManisFriedman
Facebook: https://facebook.com/ManisFriedman
Twitter: https://twitter.com/ManisFriedman
Linkedin: https://linkedin.com/in/RabbiFriedman

About Rabbi Manis Friedman:

Rabbi Manis Friedman is a world-renowned author, counselor, lecturer and philosopher who uses ancient wisdom and modern wit to captivate audiences around the world. For bookings, please call Zalman at 800-656-5669 

Produced by It's Good To Know

#shorts #spirituality #religion #jewish #judaism #life #mentalhealth #depression #anxiety #chabad"," So depression means if you add weight to your existence by worrying about it, by fighting over it, by making it important, you're making it heavier. And at some point, your existence becomes so heavy that you can't carry it anymore. Your existence is way too heavy. The solution is live. Put energy into living. When you put energy into living, you don't need to put so much energy into existing. When you put energy into your existence, you have no energy for life. And that's why it's often very helpful when a person is depressed to simply say to them, stop quetching. Find somebody who has real problems and help them. And that is so curing. Life means who needs me. What am I needed? What contribution can I make outside of myself?",9586,1083.0,0,0,1,-1,34.0,Youtube
B9StQM7O_SU,Did you know this MAJOR KEY🔑 to breaking depression? #shorts,"Did you enjoy this word of encouragement? If you did, comment YES and SMASH that SUBSCRIBE!
Listen to the Holy Ghost and you can't go wrong! 

Thanks for watching! 

LINK TO EVERYTHING: https://linktr.ee/johnkingwrites

#freefire #motivation #new","Do you know the secret to breaking anxiety and depression? The Bible says God is giving you a garment of praise for the spirit of heaviness. He's not giving you fear, but he's giving you power, love, and a sound mind. So how do we get rid of that spirit? Well, the Bible told us that praise is our way to the breakthrough. We see that in Acts chapter 16. Paul and Silas are imprisoned, but at the midnight hour, they began singing hymns of praise to God. And as they did, a great earthquake shook the foundations of the prison. The doors were open and everyone's shackles were unfastened. Not only does your praise have the power to set you free, but it also has the power to set those around you free. Begin to praise the Lord today, and as you do, the shackles of depression and anxiety will break off of your life, and you'll see yourself walking in a whole new peace like you've never had before. If you believe in the power of praise in God, I want you to subscribe and comment your favorite scripture on praise below.",217,15.0,0,0,-1,-1,7.0,Youtube
mUjXbmsiGT4,Day 3 of Drawing Mental Illness ✏ • Artsyfire • #shorts #art,,"I wish you'd been out too early to know I've dancing in my room, swaying my feet Trying to kill love, and a kiss on a cheek Coy Kinnies guys!",302,17.0,0,0,0,0,1.0,Youtube
GiUwHNwtlCY,#Shorts Silent Nights: You have to think yourself happy #SilentNights #Happy #Depression #POLC,," Thinking you're self-happy means I don't have to be in church to be happy. Thinking myself happy means that when I get up in the morning and I feel the weight of discouragement and depression on me, I still can make up my mind, I'm going to be happy today. I'm going to speak to myself. I'm not going to listen to myself anymore because this is talking to me, but I refuse to listen to what this is saying and I'm going to think myself happy.",53,2.0,0,0,0,-1,0.0,Youtube
c1633088Vz0,#psychologyfacts #schizophrenia #mentalhealth #shorts #hallucination How to identify SCHIZOPHRENIA 🤯,,"Schizophrenia symptoms include perception non-existent stimuli, unshakable firmly held beliefs which are not explained by cultural and social circumstances, disorganized thinking and impaired social functioning. Take professional evaluation as soon as possible if you are experiencing these signs.",28,0.0,1,0,1,0,0.0,Youtube
GzvFeIvZHzw,🥰Family walk #family #walk #baby #cute #toddler #autism #familyvlog #shorts #fun #entertainment,,I don't want to maybe.,1071,23.0,0,0,0,0,0.0,Youtube
5a9SFaX_CEg,#POV “I’m fine” #mentalhealth #shorts #youtubeshorts,,"You alright? Reed? Hmm? I said are you alright? I'm fine. Hey, talk to me. Whatever you say in confidence is between us, you know that right? I don't have anything to tell you.",829590,,0,0,0,0,1033.0,Youtube
A--oGVHVK1c,How people with medical condition see 😳 autism #shorts,"AUTISTIC PEOPLE

in this video you are going to see how people with medical condition see 😳

we should care everyone ❤️

if you like this video make sure to like comment and SUBSCRIBE 💖💖

#shorts #shortsfeed #shortsvideo #youtubeshorts",How people with medical condition seem.,13235,280.0,0,0,0,0,14.0,Youtube
Dr_WKUNMqAo,free fire [EDIT] Bipolar #shorts,," Chora, chora, chora Vai se tratar garota, sai da minha bota Has-",1513,94.0,0,0,0,0,5.0,Youtube
fpLA7X7qBCM,This BOY was HEALED from autism😱😳 #jesus #deliverance #spiritual #bible #god #shorts,This BOY was HEALED from autism😱😳 #jesus #deliverance #spiritual #bible #god #shorts," This kid got set free from autism. Watch this. Every script, autism and mental sickness must leave in Jesus' name. One, two, three. Okay, I leave. I don't know what just happened. Jesus just set you free. Jesus just set you free. If you know Jesus saves us, heals us and sets us free, make sure to follow or subscribe now.",1534,73.0,0,0,0,-1,11.0,Youtube
JGw_BzwtqtM,Trump midnight PANIC ATTACK over new arrest #shorts,"-- Donald Trump flips out at midnight over his allegedly forthcoming federal indictment
---
Become a Member: https://www.davidpakman.com/membership
Become a Patron: https://www.patreon.com/davidpakmanshow
Book David Pakman: https://www.cameo.com/davidpakman
---
Subscribe to Pakman Live: https://www.youtube.com/@pakmanlive
The David Pakman Show in Spanish: https://www.youtube.com/channel/UCWiouD4y2vb8jBeV9Xui_5w
David on Instagram: http://www.instagram.com/david.pakman
David on Bluesky: https://bsky.app/profile/davidpakman.bsky.social
TDPS Subreddit: http://www.reddit.com/r/thedavidpakmanshow/
Pakman Discord: https://www.davidpakman.com/discord
Facebook: http://www.facebook.com/davidpakmanshow
Leave a Voicemail Line: (219)-2DAVIDP
---
David's tech:
- Camera: Sony PXW-X70 https://amzn.to/3emv1v1
- Microphone: Shure SM7B: https://amzn.to/3hEVtSH
- Voice Processor: dbx 266xs https://amzn.to/3B1SV8N
- Stream Controller: Elgato Stream Deck https://amzn.to/3B4jPNq
- Microphone Cloudlifter: https://amzn.to/2T9bhne

-Timely news is important! We upload new clips every day! Make sure to subscribe!

Broadcast on June 8, 2023

#davidpakmanshow #trump"," At midnight last night, failed former president twice impeached and once arrested. Donald Trump seemed to have a textual panic attack on truth. Sensual over what appears to be at this time, an inevitable forthcoming indictment and arrest federally federally. These are the all capital letters posts of a panicked madman who is scared and maybe realizing that his time is running out.",402202,13207.0,0,0,0,0,1390.0,Youtube
MLIF5fd4hco,Everyday is not same✨ #youtubeshorts #depression #shorts,,"Hey guys, time for Minimalog. That week was the darkest day of my life. I was feeling holy shi- crying situation. Some days you feel like you don't wanna exist on earth. Anyway, I took myself for shopping. I dressed up in Zara pants and H&M shirt, added sweater because it was cold outside, formal black boots from H&M and managed to walk out. Still my face was dead. While walking by way too mall, I got compliment by stranger that really clicked my mood. Election at H&M store was filled with neutrals and pink. Lollapad is ended more than 5000 fees in one go. Hall is in part 2. See you next time.",2190,,0,0,0,0,4.0,Youtube
0ZB1WKEkmVZ8,She was so far gone!: A look back at the CONvid-19 mass formation psychosis,"She was the product of the mainstream media SCAMdemic propaganda. It's kinda funny, but it's also kinda sad too!"," Excuse me.  Why are you laughing? Can you stop filming me?  No. Stop filming me. I'm not filming you, go.  Excuse me. Yeah, they're gonna help you.  Where are the rules? Where are your rules?  You're gonna see the rules when we land.  Okay, no, I wanna see the rules.  Don't touch this, please.  Take it off.  No.  Help! Help!  Take it off.  Do not touch it.  Ma'am.  Sir, sir, do not touch it.  You have to take this off.",789,23.0,0,0,0,0,11.0,Bitchute
a54ae-6r2wo,pov: when you’re trying to be happy... #shorts,#mentalhealth #mentalhealthawareness #mentalhealthaction #mentalhealthmatters #mentalillness #mentalhealthsupport #mentalwellbeing #claradao,🎵 High the Sun,1534971,135434.0,0,0,0,0,1142.0,Youtube
yHPamxWfUUKZ,Antidepressant medications can lead to physical changes in male genitals,Nasty stuff.," We have done ultrasound on these folks and what we've discovered, and this will be one of the  main aspects of our paper, is that their tissue is not normal at all. So a normal, healthy young  man, their penile tissue should be homogenous. Their smooth muscle, everything should be  homogenous, symmetric, you know. These people have fibrosis. They have inhomogeneity. It's  heterogeneous. There's areas of fibrosis. Scarring is another term to think about for the non-med  people out there that is just, they're scarring. And if they're scarring, that obviously will not  be conducive to an erection. So, and here's the other point. It's not just scarring, it's  scarring in the entire shaft, essentially, of the penis. So what does this mean? So in people  who have vascular,  vascular problems like diabetes, hypertension, hyperlipidemia, you know, heart disease, older  80-year-old man with diabetes, they have, you know, if they have erectile dysfunction from those  vascular risk factors, they will have, you know, penile tissue that's scarred and throughout the  penile shaft. But they're 80 years old with these five other risk factors that I just mentioned.  The people that I'm looking at are, you know, 70% of them are less than 30, and they have  virtually no risk factors. So, you know, if they have erectile dysfunction from those vascular  risk factors, they don't have diabetes, they don't have hypertension, they're a 25-year-old guy  with no, nothing, you know, not overweight, not smoking, nothing. And so their penis looks like  an 80-year-old diabetic who's smoking and is obese and has hypertension, hyperlipidemia.",302,5.0,0,-1,0,-1,3.0,Bitchute
ffx8Yq7CWNI,#1 Anxiety Tip That Works INSTANTLY #shorts,"#1 Anxiety Tip That Works INSTANTLY #shorts

Dr. Janine shares the number one anxiety tip that works instantly.  She explains how this works for anxiety or panic attacks.  She demonstrates how dunking your face in ice water, and holding your breath, for as long as you can three times will INSTANTLY reduce anxiety and stop panic attacks.  Dr. Janine explains how this works with the Vagus nerve to put you in a more relaxed state.  Follow for more natural healthy tips.

Watch the Dr. Janine Show Live
-Online every Tuesday at 11am EST
-And chat with Dr. Janine live during the show.

Connection with Doctor Janine: 
Instagram: https://www.instagram.com/doctorjanine 
Facebook: https://www.facebook.com/drj9live 
Twitter: https://twitter.com/drj9live?lang=en
Tik Tok: https://www.tiktok.com/@j9naturally?lang=en 
YouTube: https://www.youtube.com/user/vitatree  
Pinterest: https://www.pinterest.ca/drj9live 
BeStill By Dr. Janine ND: https://www.youtube.com/@bestilldrjanine 

#anxiety #panicattacks #mentalhealth

J9CON230730"," Here's my number one anxiety tip that works instantly. So if you're suffering with panic attacks, anxiety, I want you to do this. I took Lucy's head off of Lucy. Now all you're gonna do is dunk your face into some ice water. Dunk, hold your breath for as long as possible. Come up for a breath. You gotta do this three times. Go back in for as long as you can. Hold your breath, come up for a breath. And again, your third dunk. You will feel fantastic. No more anxiety helps to work with your vagus nerve and put you into that more relaxed state, parasympathetic. Follow for more natural health tips.",27806,2967.0,-1,0,0,0,47.0,Youtube
sGIKEVW3PGc,Is There A Mental Health Crisis In Trans Teens? - Part 1 #shorts,Mental Health Crisis for Trans Teens? - Part 1," Having a smartphone and being a teenage girl increases your risk. And there's actually, if you look at the rates of suicide in teenage girls, not trans-identified teenage girls, just teenage girls, since smartphones arrived, they have gone up quite radically. So all of that is to suggest there's a mental health crisis in children generally. The next and final, or I don't know, final, but the third and most obvious piece of the puzzle is to say, OK, so we totally agree, trans-identified teens. And I would always say trans-identified. I would not say trans-teens as if that's like a permanent fact about them because we don't know. There's a mental health crisis in trans-identified teens as there is in the wider group. Where's the evidence that socially transition is going to help them? Why is the causality that way around?",8736,303.0,0,0,0,0,38.0,Youtube
XfP0V523Bo8,Mental health is not an invisible illness to the sufferer 💙 #youtubeshorts #mentalhealth,#CapCut  Mental heath might be invisible to outsiders but it's always visible to the sufferer. 💙 #mentalhealth #hiddenillness #chronicillness,Outro,5106,57.0,0,0,0,0,3.0,Youtube
eM2wDYtggAM,Prioritize Your Mental Health #Shorts,"👉 Full video: https://youtu.be/wIPBTcOHXrE

🔴 Subscribe to my channel: https://www.youtube.com/channel/UChC0GeSAXuvVuJ7SqI2wMnQ

✨ Follow me on Instagram: https://www.instagram.com/selfishcodendent
@selfishcodependent 

✨ Follow me on TikTok: https://www.tiktok.com/@selfishcodependent
@selfishcodepdent

#anxious #anxiousattachmentstyle #mentalhealth #shorts",I hope you enjoyed this video.,2863,55.0,0,0,0,0,0.0,Youtube
jSYT7raFRiI,Tyson Fury  - Dealing with depression #shorts #motivation #boxing #tysonfury #advice #quotes,#shorts #advice #motivation #quotes #boxing #tysonfury #depression,"I was happy to die at 27. I was happy to finish, that was it. Nothing or nobody could bring me back. Not my wife and kids, didn't care. Didn't care. Every day I woke up, I just wanted to die. It's just that it was a crazy way to be, but only people who understand, like who've been through depression and all that sort of stuff, will understand what I was saying. When you sow down and every day you wake up, even if it's sunshine, it's grey and you're negative all the time. And you're infectious, you infect people who are around you, make them negative and down. And you push everybody away, you just want to be left alone, like in the dark corner, and left alone. If you had your arm chopped off, and people could see you, and they know you've got a proper injury, but with you being mentally unwell, you can't see someone's brain. So I could be here now and I look okay, but I could be hearing voices in my mind, or I could be going back and forth with my own self. I don't know, it's one of the worst things I've ever experienced, like being punched in the face or grueling training, or whatever has happened to me in my life. Nothing could ever compare with mental health struggle.",164792,5307.0,0,0,-1,0,315.0,Youtube
R1SradXb2nc,What is Catatonic Depression? #shorts #psychologyfacts #depression,,Thanks for watching!,3039,73.0,0,0,0,0,30.0,Youtube
2VlYe0cWCcc,5 Weirdest Psychological Disorders #shorts,"5 Weirdest Psychological Disorders 
#shortsfeed #weirdest",There are five terrifying and rare psychotic disorders. Alice in Wonderland Syndrome causes distorted views of one's surroundings. Just like Alice gets too big for her house. Alien Hand Syndrome. Those with this scary mental disorder experience a complete loss of control of a hand or limb. Apotemnophilia characterized by the overwhelming desire to amputate or damage healthy parts of the body. Capgraw Delusion. In which one believes that the people around them have been replaced by imposters. Clinical Lycanthropy. Sufferers believe themselves to be able to turn into animals such as wolves. Subscribe our channel for more interesting videos.,8303,405.0,0,0,0,0,5.0,Youtube
FAr6GwkASl0,What foods should be avoided with autism? #shorts,"#worstfood #autism #thedisorderscare 
In this insightful video, we delve into the topic of nutrition and autism. Discover the foods that are best avoided when it comes to managing the dietary needs of individuals on the autism spectrum. Our expert discussion covers the impact of certain ingredients on behavior, sensitivities, and overall well-being.

🥦🚫 Learn about the foods that can potentially exacerbate sensory issues and digestive discomfort.
🍭🧁 Understand the connection between sugar and its potential effects on behavior and focus.
🥛🧀 Discover which dairy products might be best limited due to lactose intolerance concerns.
🌽🥔 Find out about gluten and its potential implications for individuals with autism.

Join us to gain valuable insights into creating a balanced and supportive diet for individuals with autism. Subscribe now for more informative content on health and well-being for people of all abilities.""",Music.,187,5.0,0,0,0,-1,2.0,Youtube
wSpjYZWxG3E,Fitness Is The Key To Curing Mental Health! #shorts,," I get my way downtown, walking fast, places fast that I'm homebound And I need you, and I miss you, and now I'm homebound",3425,,0,0,-1,0,11.0,Youtube
jEOgtLCKaCI,Do you love this? 4 things people with ADHD never do #shorts,"If you love these 4 normal things then you do not have ADHD

Click that + button to see more videos about ADHD and neurodiversity 🧠

Find me on 
TikTok @thesteffenwendt
Twitter @dudehere
www.steffenwendt.com

#adhd
#adhdshorts
#tiktok 
#shorts",Music,10052,341.0,0,0,0,0,22.0,Youtube
JgrkcLgRxM8,LIVE panic attack..&crying on the internet 🙃🥲 #shorts #storytime #short #panicattack #panicattacks,," I'm having a panic attack right now. Why not take a video posted to YouTube for everyone to see if you have anxiety I'm sorry. So sorry because this is literally like the worst thing ever. Oh my god. No, I'm gonna cry My shoulders so ugly. This is not normal when you notice my left side then went numb Literally went numb. So I was like, oh great. I'm having a heart attack. That's what happens Panic attacks are basically you thinking that you are dying of a heart attack Like that's what it is when I tell you Oh, well, this is going on YouTube the more embarrassing the better right? I'm literally crying Dude because when I tell you that is the worst feeling in the world so broke and losing so much weight No, I'm gonna cry again. Dude when you can't afford food. What the fuck is that?",335,12.0,0,0,0,0,14.0,Youtube
PwdAw2nE-s0,Stop Using Mental Health Disorders As Thought Terminating Clichés #shortvideo #subscribe #shorts,"🟢 - Join us during the live stream at https://transgirltherapist.org/live
💎- Donate to Poppy's GoFundMe for Gender Affirming Surgery: https://gofund.me/77843feb
🔆- Become a Patron at Patreon!: https://www.patreon.com/ZenaAndPoppy
👁‍🗨 - Join this channel to get access to perks:
https://www.youtube.com/channel/UC2GveyoN-NYBaEK175f42-A/join
🛑 - Please note that due to our discussions of mental health, trans issues, and politics; our comments are curated and all comments are reviewed. 
🐤 - Twitter: https://twitter.com/ZenaAndPoppy
 ☁  - Bluesky: https://bsky.app/profile/zenaandpoppy.bsky.social 
🦄 - Facebook: https://www.facebook.com/ZenaAndPoppy
🎭 - Tumblr: www.tumblr.com/zenaandpoppyonyoutube
💖 -  Discord: https://discord.gg/qCM4QQTtye
🧶- Zena's Ravelry: https://www.ravelry.com/people/ZanderOfTGT
📜 - Letters & Fanart can be sent to PO Box 666 Hamburg, MI 48139
📑 - Email us at transgirltherapist@gmail.com

🖊 - Channel Art, Transparencies, and Logo by WitchyLizzy on 
Twitter & Poppy.
📣 - Editors: 
🚀 - Astro Princess - https://twitter.com/synthegal
🐊 - schlibbity - https://www.youtube.com/user/Jawschlarsen
🎼 - Music from Free To Use Music & @liqwyd
Artist: LiQWYD - Lights, Sweet, Let go, Take it, Echoes, Higher, Coral 
Music by LiQWYD:
http://www.soundcloud.com/liqwyd
http://www.bit.ly/liqwyd-youtube
http://www.instagram.com/liqwyd
http://www.spoti.fi/2RPd66h
http://www.apple.co/2TZtpeG
http://www.patreon.com/LiQWYD

📜 - Videos & Discord Disclaimer:
Jessica, Zena, the moderator staff, and any other clinician on the server are not functioning in the role of your therapist, nor is anyone within the channel/server functioning in any professional capacity.  

Any discussions of mental health are based strictly on personal experiences & education. Nothing in our videos or the Discord server should be considered clinical assessment (which encompasses any clinical judgment that falls outside of making a diagnosis), diagnosis, treatment, or services regarding any individual.

Anyone experiencing a psychiatric emergency should immediately call the appropriate emergency services in their area or go to the nearest hospital as soon as possible. Please type !crisis in YouTube Live Chat or the server for suicide hotlines in the US.

Any hypothetical scenarios constructed to elaborate on a topic, act as an example, or share an experience are fictional. The people in said hypotheticals share no identification with actual persons (living or deceased)."," So this idea of use of terms like toxic and narcissistic you are somebody who is Dealing with safe borderline. I've talked about this on the channel before I have had people I've been interested in Find out I have borderline and immediately Start saying isn't one of the criteria borderline that you're manipulative no because they literally assign Certain stigmas to certain disorders Immediately assume. Yeah, the use of narcissistic as evil really hurts our partner that be the yeah Like people who legitimately are not harmful who have narcissistic personality disorder Because it's an actual disorder like there is toxic behaviors and things like that But when you weaponize that stuff especially against someone just because they have a thing it is thought terminating cliche like YouTube changes that yeah",1837,165.0,-1,0,-1,0,16.0,Youtube
FQmpzbZ6s6rm,Your Consent Is Not Required. The Rise in Psychiatric Detentions & Forced Treatment..,," My name is Rob Wypond. I'm an investigative journalist.  During the research on my book, your consent is not required.  These are the more startling, disturbing, and shocking things I learned.  The danger of calling 988 or the National Suicide Prevention Lifeline is real.  Depending on what you say, your call could get traced and you could be taken forcibly to a psychiatric hospital.  I got the documents through Freedom of Information Requests. Let's take a look.  The managers of 988 are Vibrant Emotional Health.  They also run the National Suicide Prevention Lifeline and a slew of other mental health hotlines.  Their ads claim that all calls are anonymous and confidential.  But their call attendants routinely contact 911  to initiate traces and send police around to take callers to psychiatric hospitals.  Some news media have fact-checked this and claim that it only happens when callers are  actually dying or actively trying to kill themselves.  They just quoted someone from Vibrant spouting this.  In fact, Vibrant's own policy makes very clear this isn't about imminent death.  It's about trying to figure out which callers  sort of sound like they might be at imminent risk.  Basically, these are people who innocently called to talk, believing it would be confidential.  But if a call attendant gets a sense that you might potentially take your own life in a few hours, days, a week,  that's enough to trigger a trace.  And the documents I got show that these police interventions happen at least tens of thousands of times a year.  On the other hand, the police are not only trying to kill themselves, but they're also trying to kill themselves.  A hundred times every day, and possibly much more.  Some journalists call it a remote possibility.  But Vibrant admits it's 48,000 people per year, or 2% of all calls.  Is a 1 in 50 chance actually remote?  And in fact, internal data show that callers with suicidal feelings are only 17% of all calls.  So it's apparently 1 in 10 of these people.  In my book, I show how the National Suicide Commission  and the National Suicide Prevention Lifeline, now 988,  is probably one of the single biggest funnels into psychiatric detentions in America today.  All sorts of people report having terrifying and terrible experiences of betrayal,  having called just to talk, and then getting hauled off and locked up.  Even Vibrant's own lived experience committee has for years been criticizing this abusive practice.  Nevertheless, during the hearings about setting up  988, Vibrant went to the FCC and Congress  and asked for direct control over much more expansive powers  to potentially track the geolocation and personal information  of every single person contacting them.  For more, follow my videos or see my book, Your Consent Is Not Required.",219,4.0,0,0,0,-1,2.0,Bitchute
TpwGmyLf2Jk,This is free therapy #shorts,,Some days when you're a girl you just need to not get ready and wear men's pajama pants all day. Free therapy!,50921,1337.0,-1,0,0,-1,82.0,Youtube
wqBAohnacCk,"Here's Why Smoking Weed Can Cause Anxiety, Even With Tolerance! #shorts","If you're ready to get help for addiction or dependence, contact us here: https://www.beacons.page/americanaddictioncenters","Hey Dr. Calarco, I've smoked weed for years, but all of a sudden it causes me massive anxiety. Why? Occasional use of cannabis products like weed will cause a lot of people to be calm and relax. Chronic use can have the opposite effect, and what happens is that over time, if you use it a lot and for many months or years, you get what's called a regulation of the cannabinoid receptors in your brain. It no longer is effective. You can think of it sort of like a tolerance to weed. You know, this will depend upon your own personal genetics, also what kind of cannabis you're using, and how often and much you partake. Follow us for more addiction and recovery information.",417028,17254.0,0,0,0,0,1245.0,Youtube
07mlgIC07fKZ,Unhinged Mental AFU Member With Severe PTSD Loses Mind In Kiev Mall,"To be fair, I have almost no info on what is going on here other than that apparently it's in Kiev and reportedly shows a possible ex-AFU soldier imitating artillery sounds etc. Can anyone translate and understand why he's losing it?"," Еще раз, ты в Chernov? Повтори.  Имя и фамилии месяца  Имя и фамилию месяца. Пошлите его  Имя и фамилию месяца, я приземлил  Имя и фамилию месяца  В мой пакет  В плане  В плану  Steppe  В плане  Эй, Panou, Ану, Стоп. Всем иди ко мне В пол  ЛЕЖАЙТЬ крепаться  В ЛИШЕЛЬ НАХER  В ПОООООООООООООООО  Вillar Pol  Businessman  in the door  находится  в пол  в пол  в пол  Все. Вы задержаны. Измена Родины. Статья.  Выйдите, пожалуйста.  Измена Родины.  Выйдите, пожалуйста.  Измена Родины. Руки убрали.  Руки убрали. Вы вообще кто такой?  Волонтер.  Волонтеры себя так не ведут.  Так ведут.  Да, нет, не ведут.  СДУ.  Предъявите документы, пожалуйста.  Судья. Судья.  Документы предъявите.  Сейчас адвоката?  Да.  Грация, присаживайтесь.  Столкнули.  Почему?  Почему?  Это Зеленский сейчас смотрит?  Прямая трансляция.  Прямая трансляция.  Зеленский смотрит.  Прямая трансляция.  Пожалуйста, магазин не работает.  Прямая трансляция, сука.  Сюда нахуй все повезут.  Вы чего нахуй?  Атака нахуй.  Три, два, один. Огонь.  Залп.  Залп.  Залп.  Залп. Работал.  Залп.  Параграф открыт.  Дальше.  Первый.  Второй уровень.  Сюда нахуй в пол.  В пол нахуй.  В пол, сука, предупреждаю.  Руки за голову.  Или бы я убивал нахуй.  Руки за голову.  В пол.  В пол.  Сука.  Повторяю.  Последний раз.  В пол.  Из Минородины.  Сепаратизм.  В пол, сука.  В пол.  Дебильный ловли.  В пол.  В пол.  Это я тебя убью.  В пол.  Так.  Лежи здесь.  Здесь лежать.  Руки за голову.  Телефон.  Телефон вылевал нахуй.  Часы снял.  Телефон.  Сепар.  Сепар ловить.  Принимаем. Работаем.  Тринадцать.  Тринадцать.  Работаем!  Огонь на поражение!  Подходите!  Огонь на поражение!  Не подходи!  Не подходи!  Раздей пауна!  Я...  Маму не спасли!  Маму не спасли!  Маму не спасли!  Вы мать не спасли, но вам без дар!  Не вы, а ваша администрация!  Вам без дар нахуй!  Вы знаете, что вы сделали?  Вы погубили другого человека, моего любимого!  Самого другого на земле нахуй!  Понимаете?  Дайте воды!  Воды дайте!  Кто вы? Представьтесь!  Представьтесь!",1700,28.0,0,0,0,0,29.0,Bitchute
uN6Wba7A2Z0,How we build our own walls #ocd ✨ Link to video in comments,"How we build our own walls ✨ Michael Singer #shorts #quotes #philosophy #mentalhealth #depression #anxiety #ocd #suicideawareness #spirituality #religion #god #selfhelp #selfimprovement #selfdevelopment 

Chat with me 👋 https://calendly.com/coreyboardman/30min

Hi, I'm Corey. I am a writer/actor/comedian based in Los Angeles. I have dealt with mental health issues since the fifth grade. Now I want to laugh with them. Obsessive Compulsive Disorder, Anxiety Disorder, and Depression. I'm not a doctor, but that’s exactly why my brother said I should talk about it. 

This is a literal self help channel. For me, and hopefully for you. 🙌

-Corey Bennett Boardman

🎹 Music:
The King Has Fallen - Rippled Stone

TOOLS I USE ➡️ 
🎵 Music/Sounds Referral Link:  https://www.epidemicsound.com/referral/7n41cm/
🔉 Extra FREE Sounds: https://freesound.org
🌌 Extra Footage: https://www.storyblocks.com
🌃 Extra FREE Pictures: https://unsplash.com and https://www.pexels.com
🎞 Video Editing: Final Cut Pro
👍 Thumbnail Editing: Adobe Photoshop
🌠 Thumbnail Preview FREE Help: https://thumbsup.tv
✏️ Title Formatting FREE Help: https://capitalizemytitle.com

SECOND BRAIN 🧠
📚 Readwise Referral Link: https://readwise.io/i/corey13
🌲 Evernote (I still use FREE version after 7 years): https://evernote.com
🍎 Apple Notes (FREE with expensive phone)
📝 Pocket-sized notebook by my bed: https://www.amazon.com/gp/product/B07DGLW7XN/ref=ppx_yo_dt_b_search_asin_title?ie=UTF8&psc=1
✍️ Fisher Space Pen in military matte black (it writes upside down and sideways in bed!): https://www.amazon.com/Fisher-Space-Pen-Non-Reflective-M4B/dp/B001E103CY/ref=sr_1_10?crid=2BZRZ8QR2BQOY&keywords=fisher+space+pen&qid=1640511096&s=office-products&sprefix=fisher+space%2Coffice-products%2C123&sr=1-10

GEAR 🎥
📷 Canon M50:
https://www.amazon.com/dp/B08KSKCPNG/ref=redir_mobile_desktop?_encoding=UTF8&aaxitk=2b9058887169135496893141efae2033&hsa_cr_id=-1853550212&pd_rd_plhdr=t&pd_rd_r=d3e31f5f-aa8e-4f2f-92f5-456ffd342928&pd_rd_w=lscVS&pd_rd_wg=UPc3w&ref_=sbx_be_s_sparkle_td_asin_0_title&th=1
📸 Nifty 50 Lens (for that a pretty blurry background bokeh 💨): https://www.amazon.com/gp/product/B01J8CRX5U/ref=ppx_yo_dt_b_search_asin_title?ie=UTF8&psc=1
📽 Lens Adapter:
https://www.amazon.com/EF-EOS-Electronic-Auto-Focus-Converter-Mirrorless/dp/B07P2CH43B/ref=sr_1_1_sspa?crid=2T8ANDI58LEDA&keywords=ef+to+eos+m+mount+adapter&qid=1639176985&s=electronics&sprefix=ef+to+eos%2Celectronics%2C205&sr=1-1-spons&psc=1&spLa=ZW5jcnlwdGVkUXVhbGlmaWVyPUFIVFZETDIwSDBWQ0kmZW5jcnlwdGVkSWQ9QTAwODk2ODU1R1AwT1JFUEQ0UUEmZW5jcnlwdGVkQWRJZD1BMDExOTg5OTJTMVo4QlpLVDJZVU8md2lkZ2V0TmFtZT1zcF9hdGYmYWN0aW9uPWNsaWNrUmVkaXJlY3QmZG9Ob3RMb2dDbGljaz10cnVl
🎤 Rode Video Mic Pro (boomed above me):
https://www.amazon.com/Rode-VideoMicPro-Directional-Microphone-Shockmount/dp/B00YAZHRZM/ref=sr_1_4?keywords=rode+mic+pro&qid=1639177150&s=electronics&sr=1-4
🎙 Audio Extension Adapter:
https://www.amazon.com/gp/product/B01CNAV2YW/ref=ppx_yo_dt_b_search_asin_title?ie=UTF8&psc=1
🦾 Boom:
https://www.amazon.com/gp/product/B019NY2PKG/ref=ppx_yo_dt_b_search_asin_title?ie=UTF8&psc=1
💡 Lighting (cheaper option): https://www.amazon.com/gp/product/B07NBP6D98/ref=ppx_yo_dt_b_search_asin_title?ie=UTF8&psc=1
📖 Kindle Paperwhite (7th Gen - less conspicuous branding on front, sorry Jeff): https://www.amazon.com/gp/product/B00OQVZDJM/ref=ppx_yo_dt_b_search_asin_title?ie=UTF8&psc=1"," He says, if you want to see how restrictive your walls are, just start walking toward them. I'm dealing with that with my OCD right now. I will desperately want to wash my hands. I know, generic, but it's what I do. And if I don't, it stings.",2603,49.0,0,0,0,0,1.0,Youtube
C2yNBab0sVV3,The Hidden Realities of Schizophrenia: Jerry Marzinsky's Story | Classified | Ickonic.com,"Prepare for a mind-expanding episode of 'Classified with Richard Willett' as Richard welcomes Jerry Marzinsky, sharing insights from his experiences in one of the world's largest psychiatric hospitals.
Ever wondered what those with schizophrenia hear in the voices? Jerry's groundbreaking investigation reveals a startling pattern, akin to an algorithm in transhumanist terms!
Don't overlook this revealing journey into the hidden realms of mental health. Tune in this Wednesday at 7pm (GMT) for 'Classified'—because some truths are too astonishing to be concealed!
Embark on a journey of exploration, learning, and questioning everything with Ickonic!"," The DSM has over 200 behavioural patterns that are termed and diagnosed mental disorders.  None of these 200 diagnoses can be tested or measured. As much as you cannot pull a  thought out of a person's head and measure it, the only measurement you have are patterns of  behaviour. This is deemed a chemical imbalance in the brain, or what Eli Lilly called a biochemical  imbalance. Jerry Marzynski worked in one of the biggest psychiatric hospitals in the world. He  began to ask those who were diagnosed with schizophrenia what the voices were saying.  The results revealed a clear pattern, or in transhumanist terms, an algorithm. These voices  were consistently negative, they were degrading, they wanted to isolate the individual and talk  to each of them alone. Most importantly, they were not random, whereas hallucinations are by their  nature random. Jerry discovered that his master's degree was in reality a way of entraining future  psychologists into this materialistic thinking, a way of thinking that totally disregards the  unseen. And it should also be considered that these families, such as the Rockefellers and  the Rothschilds, do believe in the unseen and demons, and in fact they worship them.  This is a slow down form of energy here in this reality to various degrees. And one of the main  symptoms these patients reported was a complete draining of one's energy. We also see this happen  when investigators are conducting experiments in haunted locations, with batteries suddenly  draining to zero. Are we treating an energetic disorder as if it was a physical disorder? It  certainly does appear to be the case.  Subtitles by the Amara.org community",386,3.0,0,0,0,0,1.0,Bitchute
N9zEBD6ZcAw,Space App good for Autism?,"Connor shows off his space app. It's been helping him learn a lot and he gets really focused on it. What are your thoughts on learning apps like this?
#shorts  #autsim  #space  #spaceflightsimulator 
https://www.patreon.com/autismfamily
https://www.facebook.com/Autism-Family-Youtube-107318891102628?view_public_for=107318891102628"," Hey Connor, do you want to show me your cool space app? Yeah, what is it called? Space Flight Simulator? Space Flight Simulator cool. I'm sure a lot of people play it. So let's see the little rover on your Rocket here. Yes All right, this teaches Connor all kinds of cool stuff like trajectory and science and math You can see all the numbers there on the side. Oh, just actually and there's a rover inside. Yes Where you're gonna land on the moon? Probably There it is you landed it. Good job. Let's get the rover off of it. There goes the rover on the surface of the moon That's so cool Connor So Connor also built the space station here. It's missiles here. Oh cool Thanks for sharing Connor. You're welcome.",15453,770.0,0,0,0,0,49.0,Youtube
gy2wY5zcEg0,Kylie Jenner is Killing You,"Subscribe for the BEST mental health videos and to be HEARD. 

To whoever reads this, your life matters. You are so valued. No one can replace you. I’m thankful you were born. I love you so much. ❤️

#shorts #mentalhealth #diet #females #culture #fake #socialmedia #kardashian","She just wants to be beautiful, goes unnoticed, knows no limits, craves attention, praises an image, to be sculpted by the sculptor Oh, don't see the light that's shining, deep within the eyes can find it, maybe we have made a blind soul, tries to cover up a pain, and cut her walls away, cause cover goes on cry, after the face is made, but There's a hopeless waiter for you in the dark, should know you're just the way.",100771631,4655861.0,0,0,0,0,21552.0,Youtube
sJ1W2gzoNyY,Why do parents? #parents #kids #anxiety #panic #comedy #funnyshorts #family #genz #shorts ##mom #dad,," Hey, I need to talk with you when you have a second. Oh my god, what did I do? Was it that party that I went to? Or maybe that vase that I broke? Sit down. What do you think of this blouse? It's pretty.",1920,58.0,0,0,0,0,0.0,Youtube
bc_sfaXzJyY,These DEPRESSION Facts Will SHOCK YOU! #shorts #psychology #psychologyfacts #facts #depression,These DEPRESSION Facts Will SHOCK YOU! #shorts #psychology #psychologyfacts #facts #depression  #depressionfacts,"I put my over on, saw you dead, yeah I'm unstoppable, a pusher with some breaks invincible, win every single game the power for you.",964,19.0,0,0,0,0,0.0,Youtube
RfNeRx02Xns,illusion of depression #shorts #depression #illusion,#shorts #thalapathy67,"Hello friends, I am going to show you an image of me in a short while. Before that, tell me what you think about me. give us a like and subscribe to this channel. The countdown begins now. This image is like you are in a depressed level. So, when you see this image, you feel like a depressed man. If you are a normal person, it is a little difficult to know what you are feeling. But you are depressed and feeling like a depressed man. So, please do this and have fun. with your friends. If you have any friends, please do this and share your image on omegle. Thank you for watching.",75,5.0,0,0,0,0,0.0,Youtube
kKzlbEEG6YI,when you have OCD raletable #shorts#ocd #addiction #funny #short,,Subscribe!,2763,46.0,0,0,0,0,0.0,Youtube
sClf1AE5IlQ,MENTAL ILLNESS PROBLEMS#shorts #sneako #mentalhealth #mentalhealthawareness,,"ADHD is a lie, depression anxiety bipolar all fixable. It's not a chemical imbalance. Who didn't think told you that? The pharmaceutical companies! To sell you more pills, dummy! The biggest drug dealers in the world! For some reason we trust drugs. Given to you by a guy in a lab coat. Because you need to go CVS and sign a form. Put guy the street telling same thing. Idiot, we hear him!",10085,,0,-1,-1,-1,82.0,Youtube
8WpPws3sonY,POCD is so misunderstood #ocd #shorts,," I've been holding my breath, I've been counting to ten over something you said",3398,,0,0,0,0,16.0,Youtube
pkqoMvue2J0,My mental health after having 4 BABIES! #short #unbelievable,, AHHHHHHHHHHHHHHHHHHHHHHHHHHHHHHHHHHHHHHHHHHHHHHHHHHHHHHHHHHHHHHHHHHHHHHHHHHHHHHHHHHHHHHHHHHHHHHHHHHHHHHHHHHHHHHHHHHHHHHHHHHHHHHHHHHHHHHHHHHHHHHHHHHHHHHHHHHHHHHHHHHHHHHHHHHHHHHHHHHHHHHHHHHHHHHHHHHHHHHHHHHHHHHHHHHHHHHHHHHHHHHHHHHHHHHHHHHHHHHHHHHHHHHHHHHHHHHHHHHHHHHHHHHHHHHHHHHHHHHHHHHHHHHHHHHHHHHHHHHHHHHHHHHHHHHHHHHHHHHHHHHHHHHHHHHHHHHHHHHHHHHHHHHHHHHHHHHHHHHHHHHHHHHHHHHHHHHHHHHHHHHHHHHHHHHHHHHHHHHHHHHHHHHHHHHHHHHHHHHHHHHHHHHHHHHHHHHHHHHHHHHHHHHHHHHHHHHHHHHHHHHHHHHHHHHHHHHHHHHHHHHHHHHHHHHHHHHHHHHHHHHHHHHHHHHHHHHHHHHHHHHHHHHHHHHHHHHHHHHHHHHHHHHHHHHHHHHHHHHHHHHHHHHHHHHHHHHHHHHHHHHHHHHHHHHHHHHHHHHHHHHHHHHHHHHHHHHHHHHHHHHHHHHHHHHHHHHHHHHHHHHHHHHHHHHHHHHHHHHHHHHHHHHHHHHHHHHHHHHHHHHHHHHHHHHHHHHHHHHHHHHHHHHHHHHHHHHHHHHHHHHHHHHHHHHHHHHHHHHHHHHHHHHHHHHHHHHHHHHHHHHHHHHHHHHHHHHHHHHHHHHHHHHHHHHHHHHHHHHHHHHHHHHHHHHHHHHHHHHHHHHHHHHHHHHHHHHHHHHHHHHHHHHHHHHHHHHHHHHHHHHHHHHHHHHHHHHHHHHHHHHHHHHHH,20923,474.0,-1,0,0,0,11.0,Youtube
KeKLmSP8Cr1E,Canada’s 🇨🇦”Theresa Tam” is a man that suffers from gender dysphoria and probably psychosis,You can’t make this stuff up.  I hope it’s only 7 years because this 💩 is getting cray-cray… 🤡 ," This is Canada's health minister, Theresa Tam, originally from Hong Kong.  He may have ties to the Chinese Communist Party under the name Tan Yong-Shi and suffer from gender dysphoria.  Okay, hello, is this thing on? Okay, I haven't spoken in a while. My English is not so good.  So let me just clarify a few things. First of all, I want to congratulate another Chinese woman, Olivia Chow.  She's a very smart woman. I know she has a couple of side effects from a vaccine,  but otherwise she does pretty good. So personally, I do not take a vaccine.  I take what you call water. You put the water in the vaccine needle, or you put it in your arm.  That's what we give to all the politicians so that they don't have a side effect.  Certain politicians, maybe the right-wing politicians, we give the real vaccine so that they have a side effect.  And then hopefully after a couple of months, they drop dead.  That's what we want.  So, Canadian scientists have been putting a lot of work into doing this.  Mainstream people, let me see here, let me check my wrist.  Oh, yes, the Science Centre in Toronto, which Doug Ford wants to make into a big casino  to do Chinese rush hour five, maybe film the movie.  But I don't want that. I want a specific thing.  I want everybody.  I want everybody to go get the vaccine, get the Moderna, get the Pfizer, get the AstraZeneca,  get the Regal vaccine, get the heroin, get the Fentanyl, do whatever you have to do to get the vaccine.  Put a needle in your arm and stay home, stay inside, because the virus is going to be very vicious this week.",556,17.0,0,0,0,0,6.0,Bitchute
umDbarMXl1s,Chris Olsen opens up about his mental health #shorts #mentalhealth,Chris olsen opens up about his mental health ! #shorts #shortsfeed #short #viral #trending #chrisolsen #mentalhealth,"I think there wasn't even a point where I decided I was ready. I've kind of always been that way, especially after completing my treatment center. I knew once I started getting an audience, it couldn't just be about me and sharing in a comedic way all the time. There had to be more depth to it because I now have a little bit of responsibility to positively affect people. And so sharing my therapy sessions or stories about addiction and just showing that I, while am kind of on the other side, it's always a work in progress. Chris, you can't do that face every time you fry. I was ready to give up on everything that I dreamed of as a kid and then found this one app that happened to change my life, everything. All it takes is that one thing and for that tiny belief in yourself to continue pushing you through.",25,2.0,0,0,0,0,1.0,Youtube
klNbW287nlg,Understanding Emotional Triggers for Improved Mental Health #shorts,"This shorts video is about how we sometimes get caught in a relationship dance with our emotional triggers.

                                                           * * * * * * * * * * * 
Resilience is the ability to deal with or bounce back in response to distress, loss, change or adversity. My body of work is focused on boosting people's personal resilience at work and home. To discover more about my resiliency programs and therapeutic counselling, and to discuss possibilities go at http://www.solutionsforresilience.com​​

You can subscribe to my YouTube channel here and find me on:
* Facebook at https://www.facebook.com/SolutionsForResilience at 
* Twitter at https://twitter.com/WoetoWOW
* LinkedIn at https://www.linkedin.com/in/patriciamorgancalgary
And, of course, I would be delighted if you left a message below. I will be sure to respond!

Here is my bio:
Patricia Morgan is often referred to as the Spunky Seniorpreneur. Her ability to provide bite-sized knowledge nuggets for resilience has helped many people emerge stronger after facing unthinkable challenge. 

With a MA in Clinical Psychology, she has authored several books on resilience and stress management, including From Woe to WOW: How Resilient Women Succeed at Work and Frantic Free: 167 Ways to Calm Down and Lighten Up. 
Patricia is proud that her father served during World War II and is one of those war babies, baby boomers. 


Patricia is a recipient of Global TV’s Woman of Vision award and the Canadian Association of Professional Speakers’ Spirit of CAPS award for her contribution to the Canadian speaking industry. She is described as a therapeutic counsellor, speaker, author, mentor, mother to three, grandmother to five . . .  and happily married most days.

#patriciamorgan #shorts #emotional #emotions #emotionaltriggers   #mentalhealth"," Negative self-chatter, those nasty things that we say to ourselves, often said to us by adults in our life that we were stupid or crazy or lazy or no good or bad. Many of those nasty messages that we absorb sometimes come out when we get triggered, when we get angry, when we feel demeaned, when we feel unseen. And I need to remind myself that other people also have their story inside them. And when I get triggered by somebody's behavior, it's about my story. Right? And I want to remind myself that they have their story. It's very hard because it's like doing a dance with one another. Because often we cannot dance without stepping on one another's toes.",78,2.0,0,0,0,0,0.0,Youtube
x-4q_BVbLyk,Fear and Anxiety #shorts,"I think every mother and father in a way suffers with mental illness in anxiety over their children because we want the best for them all of the time. And when we see our children suffering, we find it as parents. What would I say? Kind of lost a bit. Because in one sense, no matter what skills we have, it's our child and we ourselves become more anxious because they're anxious, they're nervous, they're going through a real hard time stress. Um, so in a, in a way, we feel kind of lost ourselves, not knowing really what way should I help? Because we're feeling so much love for them.

Blessings, 
Lorna.

#lornabyrneangels #peace #parents #loveyourself #selflove #love #passion #prayer #harmony #hope #words #actions #everyone #guardianangel #kindtoyourself #kindtochildren #loving

==================

Lorna Byrne is a world-renowned spiritual teacher, International and Sunday Times #1 bestselling author of Angels in my Hair, and much more. Lorna is also a philanthropist and founder of the Lorna Byrne Children’s Foundation, which supports amazing initiatives around the world for children in marginalised and disadvantaged situations, and the Seraph Foundation which is developing Sanctuary her centre in County Kilkenny Ireland so people of all walks of life, all beliefs and none can come together and grow spiritually. Lorna has been published in more than 50 countries and 30 languages around the world. While her story is extraordinary, her teachings are universal. 
Theologians and religious leaders, sportspeople, businesspeople and scientists; people of all walks of life, of all religions, and none are drawn to Lorna to seek her spiritual insight. 

In 2019, she was named by Watkins Mind Body Spirit Magazine as one of the 100 Most Spiritually Influential Living People in the World. 

For Lorna's vision of hope for us all 
https://wwww.lornabyrne.com/sanctuary

Donate Direct: http://bit.ly/SeraphFoundation

For the full story of Sanctuary see:
https://www.lornabyrne.com/our-sanctuary

Follow Lorna: 
Website: https://www.lornabyrne.com
Facebook: https://www.facebook.com/lornabyrnean...
Twitter: https://twitter.com/lornabyrne
Instagram: https://instagram.com/lornabyrneangels
TikTok: https://www.tiktok.com/@lornabyrneangels

To subscribe to Lorna's newsletter: https://www.lornabyrne.com/newsletter"," We all have to remember that when we're full of anxiety and fear, remember it will pass, it's going to pass and a lot of things will be good. And even if we get sad during that time, just call out for help, reach out to others, don't be afraid, because fear and anxiety can stop you from living life. So we love you all and God bless.",5659,923.0,0,0,0,0,31.0,Youtube
WlONLaUuCMs,When Your Boyfriend Bipolar‼️ QueenD #shorts #subscribe #viral #fyp #futureofchicago,," Damn, it's cold as fuck out there. Baby, I brought food! You brought food? What the fuck? Oh, this is him food. What the fuck you brought food for? You. Ain't even on my fucking chicken in here. Man, stop playing with me. Who the fuck been in this crib? You laughing? You should get the fuck out right now. See, that's what I said they said, Joe asked if I thought. You been fucking too many people. I'm not. I didn't heard about you. Shorty, shorty, shorty, shorty, shorty. Don't talk to him. ",210528,,0,0,0,0,124.0,Youtube
T3No207BAOc,Depression Meal Mondays: Ghost Cookies! #shorts #kpop,," Hi, I'm Blake and this is Depression meal Monday It is officially Halloween or as I like to call it Girls' night! So to celebrate we're making ghost cookies and I will also be wearing my costume because I love bread I don't deny myself bread, I have bread every day I love bread So first we're gonna take these chocolate chips that are as white as the NRA And our sexy assistants gonna put them in the microwave and while we wait So I may have burned the white chocolate but we're just gonna mix it around until it looks like cookies and cream and run with the light And now we're gonna take these nutter butters And to absolutely water board them with the chocolate And now we're gonna take these baby chocolate chips that are teeny and adorable like me, oo-woo And give these ghosts the same face my guests are gonna have when they find out I burned the chocolate and just like that another meal done Bon appetit and how did you fuck up a recipe with three steps loser?",54561,7997.0,0,0,0,0,43.0,Youtube
DXatP-pzUGo,Mental Health Awareness Week 2022! | Nik & Eva Speakman #shorts,"#mentalhealth #mentalhealthawareness

Conquer Your Anxiety with The Speakmans' book https://www.amazon.co.uk/Conquering-Anxiety-worrying-stress-happy/dp/1841883212/

Subscribe to The Speakmans’ YouTube channel for more tips: https://goo.gl/Lgzxjw

Follow The Speakmans on TikTok: https://www.tiktok.com/@thespeakmans

Follow The Speakmans on Twitter: https://twitter.com/TheSpeakmans

Like The Speakmans on Facebook: https://www.facebook.com/Thespeakmans/

Follow The Speakmans on Instagram: https://www.instagram.com/thespeakmans/

Discover more on The Speakmans' website: http://www.speakman.tv/","It's always important to prioritize your mental health and this week more than ever because it's mental health awareness. So if you're struggling, please do not suffer in silence. Speak out. Ask for help. Say it loud and clear. Talk to someone. You are not alone. Your voice matters. Be brave. Be happy. Make sure you make yourself heard. Because we are only mounted.",733,44.0,0,0,0,0,1.0,Youtube
YqtVeA23xqCr,"Mangoes are nature's antidepressants (plus other 
health benefits)","NaturalNews videos would not be possible without you, as always we remain passionately dedicated to our mission of educating people all over the world on the subject of natural healing remedies and personal liberty (food freedom, medical freedom, the freedom of speech, etc.). Together, we’re helping create a better world, with more honest food labeling, reduced chemical contamination, the avoidance of toxic heavy metals and vastly increased scientific transparency.", തേൻેൻોൽ തെൽ�ാ�ൾൾൎൽીൺാ�ു� dipsasothay  തേൻેൻોൽ ബേൻેൻોൽ ബ൱ർാർാൽാ഼ാൽ  ത്തുത്തുൽാൽൽ  തfolgതൠൠൠൠൠൠൠൠൠൠൠൠൠൠൠ्  ത Naru  ത Naru  ത໊ੀ൮ຍതੁ ത໊ไ൮ຍതํതੁ  KASIMA  Shalitava  Shabbat shalom.  Thank you for watching.,3318,58.0,0,0,0,-1,6.0,Bitchute
azj8Zu1G9z8a,The Truth About Mass Psychosis,"THNX FOR WATCHING
~LIKE~SHARE~SUBSCRIBE~", When you have a society that has become decoupled from each other and has free  floating anxiety in a sense that things don't make sense we can't understand it  and then their attention gets focused by a leader or series of events on one  small point just like hypnosis they literally become hypnotized and can be  led anywhere mass psychosis also known as group mind mob mentality or herd  mentality before modern civilization we lived in herds and in order to survive  in the herd we conform to the herd this is where mass psychosis all stems from  the most popular examples of explaining mass psychosis are typically angry mobs  and violent riots but these are merely the  issues of the world.  end results mass psychosis begins when the individual mind starts to identify  as a member of a group based on any unifying factor the unifying factor  doesn't even need to make sense for many people the feeling of unity is enough  our ego mind innately craves acceptance and by default will instinctively  conform to whatever group it perceives to be the majority in order to  successfully conform to the group the individual must  put aside personal intuition and follow the guidance of the group this makes a  person highly controllable and spiritually stifles the individual which  causes them to crave group acceptance even more man's disposition for mass  psychosis has been written about for millennia most notably in ancient  scripture and philosophy and we all experience this as human beings whether  we reflect upon it or not Plato argued that due to the  nature of group mind democracy always leads to tyranny and subjugation his concern was  the lack of good leadership and philosophized on ways of solving this in 1895 Gustav Le Bon  published the crowd wherein he explains the key processes for cultivating mass psychosis  anonymity contagion and suggestibility this work is known to have influenced world leaders  businesses and tyrants of which the ethics of mass psychosis are of great importance  and yet AP and Reuters outrageously claimed that mass psychosis does not exist when it is in fact the  corporate media apparatus to which they belong that makes this all possible waging psychological  warfare against a group of the population who believes the media would never lie to them this  is why the term mass psychosis is arguably a better term than group mind or mind  mentality a change in the field of consciousness occurs a devolution from  divine inspiration into primitive hierarchy which has no place in a  civilized society and yet here we are without mass psychosis today's leaders  would have no power just like advertising everything about politics is  about cultivating mass psychosis whereas the individual pursuit of happiness  has inevitably led to beauty and innovation creating and controlling groups of people  which has been the biggest power play on earth for all of recorded history almost always leads  to death and destruction the science and study of mass psychosis could be used to  enlighten humanity by educating the individual about the power and potential of the human mind  but today the very same corrupt media being used by wealthy elites to divide and enslave  us says there is no such thing as mass psychosis mass psychosis is humanity's burden to outgrow  it is why we accept the lesser of two evils many of us are well aware of the frailty of man and the  civilized world the great psychologist Carl Jung's warning to the world was that the individual must  come face to face with their own shadow in order to accomplish this one must liberate themselves  from the collective  and until enough of us do society will continue to be led by tyrants and ignorant mobs,4293,104.0,0,0,0,0,0.0,Bitchute
IFImSEAaMz0,The Mental Health Myth You NEED to Stop Believing! #shorts #MentalHealthMyths,"Are you under the impression that a mental health diagnosis is a life sentence? In today's short, we're debunking the common myth that ""Once you're diagnosed, you're always mentally ill."" Stick around to learn the facts and free yourself from this damaging belief. #MentalHealthMyths #Debunking #mentalhealthawareness"," Mental health myth. Once you have a mental illness, you always have that mental illness. False. Mental illness needs to stop being looked at as a disease and start to be looked at as an injury. Just like a bone or a muscle injury, it may take a little while to heal, but that doesn't mean it's not possible.",2425,48.0,-1,0,0,0,16.0,Youtube
QnCVCHKayOw,Mental health is very danger please my IG dms are open #shorts #fyp #shortvideo #foryou,,I can't say evils,134751,11749.0,0,0,0,0,164.0,Youtube
tWReRa_O7kQ,Three tips for maintaining mental health in Islam! Dr. Rania Awaad #shorts,"#islam #islamic #health #healty 

You can help us make more and better quality Islamic content:
►https://www.patreon.com/towardsEternity
►https://towardseternity.com/donation/
►WhatsApp: +90 536 777 51 02 

Video Insights: 


You can ask your questions here:
► Follow Us On Instagram: https://goo.gl/fqlZxi
►WhatsApp: +90 536 777 51 02 

Do you wanna learn some practical Islamic information? 
So, you can check our online education! It's totally Free!
►App Store: https://apps.apple.com/tr/app/eternal-life-academy/id1542529833?l=tr
►Play Store: https://play.google.com/store/apps/details?id=com.towardseternity.ela&hl=tr&gl=US","What are the three tips Islam gives to protect mental health? Well, first of all, Islam very much emphasizes the importance of getting help when is needed. So this is something we find in both the hadith and the Qur'an. And I think this a core part of our tradition. It's the remembrance that everything that Allah has sent in terms of an illness does have a cure, that He doesn't send any illnesses without cures or treatments, and that we need the humility to go get the help when needed. Also built within our faith is grounding principles. Whether these be the prayers or the remembrances of Allah SWT, or actually relying on Him through our difficult moments and times. These practices are core and they're indigenous to the Islamic concept, and so we should definitely look into them.",94044,13616.0,-1,-1,-1,0,47.0,Youtube
2ruSYtdm8kQ,Why Communication is a Struggle for #autism,"I struggle with presenting. I also struggle with communicating in general. It's been the hardest challenge for me to overcome. And it's a difficult and challenge faced among several people in the Autism Community. This is what I mean! 

Enjoy!

#autism #shorts","Weak communication skills. What about it? It's one of my most difficult challenges to beat. From making friends to being an effective presenter, it affects everything. So when people complain, I tell them that.",218,6.0,0,0,0,0,1.0,Youtube
IIAwiliZiCnP,living well with schizophrenia,schizophrenia symptoms update," Hello everybody, this is Gary. Today is Friday, February 17, 2023. It is 12.59 p.m. Eastern Standard Time in the United States in Rochester, New York.  And this is my coping with schizophrenia blog entry for today. Today my paranoia levels are very high. My delusions are very strong. I think people are plotting against me, following me, spying on me.  I haven't gone outside yet today because of my paranoia. My depression is pretty severe. My anxiety levels are very high. My auditory hallucinations are pretty intense.  I will be seeing my peers.  I will be seeing my peer support specialist next week and my therapist the week after that. It's harder for me to go outside when my paranoia and delusions are very, very strong and my anxiety levels are very high.  When I'm paranoid, I don't want to be around other people. I don't trust them. And sometimes I don't trust myself. So I'm having a very difficult time.  I don't want to be around someone else. I have to do things myself day to day. Everything matters to me, so I need help day by day.  I am trying to stick to my daily schedule. I will try to go outside for my physical therapy and walking exercises.  I have been in high school for 20 years and TЕC says thatалыanno don't understand me.  I've already done some work on my computer. I do consumer surveys.  visit postdoctoral Willie  There's not much that's going on right now because I still have pulmonary fibrosis in my lungs.  There's not much that's going on right now because I still have pulmonary fibrosis in my lungs.  But, it's okay to not use it.  lungs I'm seeing a pulmonary specialist on March 28th then I do some tests  to test the strength of my lungs and then I'll be seeing the  doctor right after that I don't know how advanced the pulmonary fibrosis is  pulmonary fibrosis is when something irritates the lungs like the chemical  and causes scar tissue to form in the air sacs of the lungs making it more  difficult to breathe because it's more difficult for the lungs to exchange  oxygen and carbon dioxide making it more difficult to breathe I haven't had a  cigarette in 13 months so I don't know if it was caused by cigarette smoking or  not the only other chemicals that I could think that I was exposed  to was pesticides and Clorox when I cleaned my apartment with bleach I don't use  those bug sprays anymore and I stopped cleaning my apartment with bleach but we  don't know the actual cause yet of the pulmonary fibrosis my primary care  doctor did say my blood pressure was extremely high so now I'm on three  blood pressure medications  we didn't change any of my psychiatric meds when I saw my psychiatrist two  weeks ago we kept everything the same he did ask me if I wanted the option of  taking an extra five milligrams is like caranoid and delusions but I said  no because every time I take a higher doses of Zyprexa  I end up with urinary retention and then I ended up wearing a urinary  catheter for two weeks I'm having the CVR  I'll just have it removed. So I don't want to go on to a higher doses of Zyprexa.  I'm going to stick to the five milligrams twice a day that I take right now.  There's not much else to report on.  I'm having a rough day, but I'll survive. Like, comment, share, subscribe.",144,0.0,0,0,0,0,1.0,Bitchute
wHg6dH5OLVM,Exercise vs Antidepressants What You Wont Believe About Mental Health,#shorts #joerogan #jre #joeroganexperience #podcast #depression,"In fact, they say that exercise is one and a half times more effective than SSRIs for curing depression. If I take my SSRI, I don't feel really anything. I just like, oh, took my SSRI. But if I go for a run, even today, I had to couple miles. And so, yeah, think it, know that it makes me feel better if do something athletic, you know? because when I'm off of them, something feels wrong. feel... Like, wouldn't you say you What does like? But it's, the level that it drops off to, too much of a drop for me to not get some help. Google that. There's clear research showing that anxiety is influenced by genetics. a lot of people that are mentally ill their children or families mentally ill. Mine was just don't be a pussy.",11,2.0,0,-1,0,-1,0.0,Youtube
zw9MxhtJZsMu,Autism ADHD Auto Immune Disease caused by ALUMINIUM Nano Particles IN VACCINES,," What are your thoughts on that?  Well, you heard earlier that there's no real concern about aluminum because it's such a small amount,  and so it really shouldn't matter.  But the kind of aluminum that we put into vaccines is a different kind of aluminum that we see environmentally.  This is called a nanoparticle, and nanoparticles bind really tightly to the bacteria antigens,  the virus antigens, the food protein antigens,  and any other contaminants that are in the vaccines that we may not know about.  And we know that the biochemical properties of nanoparticles is that they are capable of entering the brain.  And so we have not evaluated the safety of the aluminum nanoparticle and its injection  and where it goes when it gets into the body and whether it gets into the brain.  Do vaccine ingredients belong in the brain?  No.  Do they get into the brain?  No one has ever studied it, but animal studies using the same chemicals that are in vaccines that we give to children  directly demonstrate that the vaccine ingredients do enter the brain.  We are ignoring this information.  There are scientists in Europe who've actually done studies on the aluminum nanoparticle  and have shown that it can persist in the brain for years and decades.  And so what we're seeing is a large outbreak of neurodevelopmental disabilities,  including Alzheimer's, and one of the main factors that they're finding in the brains of people with Alzheimer's  is the aluminum nanoparticle that's directly related to the vaccines that we're giving.  So we have never studied whether the aluminum that we're giving in vaccines gets into the brain,  and we've never measured whether it stays in the brain and what it does if it does stay in the brain.  But we do know that vaccines are supposed to cause inflammation.  We do know that certain pacients, these are called immunosuppressants,  are supposed to cause inflammation in the body.  But we have more than half of our children with chronic inflamed conditions,  and we've never allowed ourselves to ask the question,  if the vaccines cause inflammation acutely, do they continue to create inflammation chronically?  We have 1 in 5 with neurodevelopmental disabilities.  1 in 10 with ADD and ADHD.  1 in 35 with autism.  1 in 11 with asthma.  1 in 20 under the age of 5.  with seizures. And the autoimmune diseases are exponentially rising, and we are finding  that the viruses and the bacteria that we're injecting into the body, along with the adjuvants,  create something called molecular mimicry, which means the body sees those viruses,  thinking that it's foreign, but actually finds pieces of those viruses that match pieces of the  itself. And the immune system doesn't differentiate between what it's been told to reject  and itself. So it will turn the immune system on itself, leading to an autoimmune condition.  We know this about hepatitis B, we know it about the Gardasil vaccine, and we know it about the  flu vaccine. And we continue to say unequivocally that the vaccines have been studied effectively  and that they're safe, and that's just not true. Psalm 58. Do ye indeed speak righteousness?  O congregation! Do ye judge uprightly? O ye sons of men! Yea, in heart ye work wickedness.  Ye weigh the violence of your hands in the earth. The wicked are estranged from the womb.  They go astray as soon as they be born, speaking lies. Their poison is like the poison of a serpent.  They are like the deaf adder that stoppeth her ear, which will not hearken to the voice of charmers,  charming never so wisely. Break their teeth, O Lord, in their mouth. Break out the great teeth  of the young lions, O Lord. Let them melt away as waters which run continually.  When he bendeth his bow to shoot his arrows, let them be as cut in pieces.  As a snail which melteth, let every one of them pass away, like the untimely birth of a woman,  that they may not see the sun.  Before your pots can feel the thorns, he shall take them away as with a whirlwind,  both living and in his wrath. The righteous shall rejoice when he seeth the vengeance.  He shall wash his feet in the blood of the wicked, so that a man shall say,  Verily, there is a reward for the righteous. Verily, he is a God that judgeth in the earth.  And theㅋ  That is the gift of God.  Thank you.  If you enjoyed this video, please like, subscribe, and make sure to hit the notification bell.  Don't forget to subscribe to our YouTube channel, YouTube Channel.  Thank you for watching.  Have a nice day.  Bye bye.  Bye bye.  Bye bye.  Bye bye.  Bye bye.  Bye bye.  Bye bye.  Bye bye.  Bye bye.  Bye bye.  Bye bye.  Bye bye.  Bye bye.  Bye bye.  Bye bye.  Bye bye.  Bye bye.  Bye bye.  Bye bye.  Bye bye.",725,17.0,0,-1,-1,-1,5.0,Bitchute
Mhf4JR0yjoIi,Is your mind chasing squirrels?,"Is your mind chasing squirrels?
Can you prioritize and focus your attention on what's important to you personally? Or, are you chasing the next thing on the news?
#mindfulness #attention #wellbeing #selfcare  #personalgrowth #mentalhealth", morning is your mind chasing squirrels like my dog in the woods you know squirrels are  very active at the moment because they are stocking up for winter so my dog would chase  one squirrel after the other and the same could happen with your mind you know if you are not  careful your mind could share screws like chasing the next thing on the news and it's exhausting you  know to follow the next thing and on top of it you know what's happening you know  media and social media as well they know exactly how our  minds work okay they know that our minds are wired to see negative and to spot dangers  so if you check the headlines they are crazy you know we should be scared all the time you should  be we should be paralyzed with fear because there is a next thing happening and honestly  if you're not careful you you will end up tired you know you  will end up exhausted you know if you so if you are not focused on what's important in your life  and you just follow whatever is on the media or whatever is on social media  then you will not have time to focus on the things which are important in your life  and my question is do you know what's important in your life okay because quite often  we don't even know that simple thing okay or quite often we may realize like subconsciously  that family is important or work is important or maybe you have a hobby  but do you prioritize what's important in your life or are you chasing squirrels on the media  on the on the news or are you following other people instead of focusing on your life and  on creating your own dreams instead of following somebody else's dreams  so yeah so again my question is is your mind chasing squirrels or the next thing on the news  okay we obviously we need to be aware what's happening  but your attention if trained supposed to be like a trained dog so you just check what's happening  and if it's not important to you you'll go back on your track okay you know  there is a if you notice you know what's the opposite of distraction  it's the traction you know traction it's going forward it's moving forward it's keeping to your  path okay so  avoid distraction and focus on the traction focus on your path on the things which are important to  you okay all right and stop chasing squirrels okay have a great day bye-bye,752,3.0,0,0,0,0,3.0,Bitchute
FpS1Rsb1edc,Why I don’t tell my schizophrenia hallucinations to go away. #shorts,"Why don’t I just bully my schizophrenic hallucinations and tell them to go away?

Q&A with Schizophrenic, Michelle Hammer the founder of Schizophrenic.NYC The most awesome clothing and lifestyle brand created by a schizophrenic girl.

Schizophrenic.NYC - The most awesome clothing and lifestyle brand created by a Schizophrenic designer. 


https://www.schizophrenic.nyc

IG: https://www.Instagram.com/schizophrenic.nyc
TikTok: https://www.tiktok.com/@schizophrenic.nyc
TW: https://twitter.com/schizophrenicny
TH: https://www.threads.net/@schizophrenic.nyc

#mentalhealth #schizophreniaawareness #schizophrenia #schizohphreniasupport #mentalhealthadvocate #schizoaffective #psychosisawareness #mentalhealthmatters #mentalhealthawareness #inspiration #depressionawareness #anxietyawareness #psychology #psychologyfacts #qanda #shorts #shorts"," Why don't I just bully my schizophrenic hallucinations and tell them to go away? Let's talk about it. If I bullied my schizophrenic hallucinations and told them to go away, they would just yell at me more. It would just become more of a fight. We would just keep fighting with each other. I can't just bully them. I don't usually have control over what I'm saying to them because it's a complete disassociation and everything like that. But you can't just bully the voices because they're going to bully you back. It doesn't work that way. You can't just say, oh, shoot, fly, don't bother me. No, it doesn't go away. You can't just swatter it and it's gone. And it's not how it works. I wish it was, but it's not how it works.",2536,112.0,0,0,1,0,27.0,Youtube
4s-UDZwihbg,👉If You're Struggling With Low Mood | #shorts #youtubepartner,"Feel free to hit that SUBSCRIBE button for more #mentalhealth #shorts #relatable videos! 

🚨📘 Pre-order My New Book 👉 https://linktr.ee/drjuliesmith

🖥️ Website - www.doctorjuliesmith.com
📷 Instagram - https://instagram.com/drjulie
🙋‍♀️ Facebook - https://www.facebook.com/DrJulieSmith
🐦 Twitter - https://twitter.com/Dr_Julie_Smith
🎥 TikTok - https://www.tiktok.com/@drjuliesmith?

WHO AM I:
I'm a clinical psychologist. I am here to share insights from therapy and psychology research so that you can make use of it in your daily life to understand how your mind works and optimise your own mental health. I cover all things from confidence and motivation to mood and anxiety. I look forward to chatting with you in the comments. 

Not Therapy No Advice Via DM","If you're struggling with low mood and that feeling of, I can't be bothered with anything right now, I want to share something with you that often talk to people about therapy. And that's about how will give you the urge to do all the things are going to keep you stuck and make your mood even worse. So let's say you wake up in the morning just don't feel good. The natural is to stay in bed, cancel your plans, hide away from the world. And sometimes you need that, right? But the problem is it's addictive because as soon as decide to do that, get this instant relief like, view, I don't have to face world today. But longer stay hidden for, more time spend ruminating, thinking over things make worse. And ruminating a powerful predictor of depression. So more on how to tackle low mood, check out Why Has Nobody Told Me This Before.",711815,63085.0,0,0,0,0,482.0,Youtube
45W0V8CovLAA,MICE DEVELOP AUTISM-LIKE SYMPTOMS AFTER COVID VACCINE,"Given that proper safety testing was not conducted before the mRNA COVID shots were rolled out to the public, independent researchers have been compelled to conduct their own research. One such study reveals new findings indicating Pfizer’s mRNA causes autism-like outcomes in newborn mice. 
#Autism #Mice #MouseStudy #Pfizer"," Pregnant women used to be the last people that would ever get an intervention because of the vulnerabilities of the child and the mother.  And so, like Peter Hotez said, during the COVID development of the vaccine, we needed time to do this.  They eventually settled on about 320-something days to get that vaccine out.  Gavi's now saying they want to do it in 100 days or less.  But the problem is, no long-term studies, and they can't possibly know because they're not even looking for it.  So, here's independent researchers, not associated with the U.S. government, that are looking at some of the long-term issues for the children born to these mothers that have had the COVID vaccine.  And this was a mouse study or a rat study.  But regardless, there's some findings here that are really concerning.  Prenatal exposure to COVID-19 mRNA, this is Pfizer's vaccine, induces autism-like behaviors in male neonatal rats.  So, it goes on to say, our findings reveal that Pfizer's vaccine significantly...  ...significantly alters WNT gene expression and BDNF levels in both male and female rats, suggesting a profound impact on key neurodevelopmental pathways.  So, let's pause right there for a second and unpack that because we're talking some medical jargon here that a lot of viewers probably aren't going to keep up with.  So, let's jump out to another research study.  What is a WNT signaling pathway?  Because they're saying that this significantly alters it, this vaccine.  So, we go to this study, WNT signaling in neuronal maturation.  In synaptogenesis, it says, the WNT signaling pathway plays a role in the development of the central nervous system.  And growing evidence indicates that WNTs also regulates the structure and function of the adult nervous system.  WNT components are key regulators of a variety of developmental processes, including embryonic patterning, cell specification, and cell polarity.  Kind of a big deal.  So, you don't want to really screw around with those.  So, let's go back to the Pfizer COVID vaccine autism study.  The researchers say this.  Notably...  Male rats exhibited pronounced autism-like behaviors characterized by a marked reduction in social interaction and repetitive patterns of behavior.  They go on to say, furthermore, there is a substantial decrease in neuronal counts in critical brain regions indicating potential neurodegeneration or altered neurodevelopment.  Male rats also demonstrated impaired motor performance evidenced by reduced coordination and agility.  So, these researchers go on to say that, hey, this is just a rat study.  It's not one-to-one for humans.  But...  More research needs to be done.  Long-term studies need to be done.  Because no one's doing them.  Pfizer's not doing them.  The U.S. government is not setting out to do these.  These are researchers that are just looking into this because of their own curiosity.  And this is what they're finding.  So, this is why we're reporting this.  Because we need other researchers to step up here and do the job the government's not doing.  Absolutely.  It's really disturbing.  And this goes back, right?  This is that question a lot of people have.  Well, what about the other vaccines?  You know, this is the COVID vaccine.  What about the other vaccines?  All sorts of...  Studies like this, too, on the other vaccines that ask the question.  And when we've looked into it with all of our research, you cannot find any ability  for science to refute, to truly refute the idea that vaccines are contributing to autism.  And once again, when does autism start going like this from one in 10,000 to now one in  roughly 30?  Exactly at the point where the vaccine program starts exploding.  So, you know, there's a smoking gun.  But, you know, whether or not it's truly a smoking gun, it is definitely...  It's definitely a signal, which is all science has to look at.  It's the only key function you have.  Is there something that's sparking off at a given, you know, specific time?  And what should we look at that lit that fuse?  That's what we think needs to be done.  And ironically or shockingly, there's one product that keeps being left out of that investigation.",1645,72.0,0,0,-1,-1,12.0,Bitchute
9x5ovEKM4KUF,Anorexia,One of many struggles," How was it affecting your day-to-day, both professionally and personally, because you're dealing with this.  It's not a secret.  They notice it, but it's not diagnosed.  And the problem is there, but it's not.  It's not been named.  It was extremely hard, but I had normalized it so much.  I, you know, like you said earlier, when you have so many people saying things to you online, I'm tough as nails, but it gets to you.  And you kind of, you, it's, I would be lying if I said that it didn't affect me.  And so when I hear people saying all you do is eat and you eat, it's like you almost believe it, even though I know I'm not.  So it was extremely isolating.  It was lonely.  And I will say that getting a diagnosis does feel wonderful, but it is extremely lonely.  It's, sometimes I...  I really fight with the shame of it, which I think is the hardest part.  But how are you dealing with regaining your voice, your message, and the intention of the message that you wanted on Instagram, which is, this is my journey, and I know I'm not alone.  How are you resetting this for you and to help other people who want to hear it?  I just take it day by day.  Like today, I tried to feed myself.  Didn't do that great.  And...  Like one of your guests said earlier, I just try to be gentle with myself.  I try to remind myself that how I'm feeling, if I'm having these bad feelings, is temporary.  And I also take...  I take immense pride in the fact that...  I understand that I was given this platform originally for modeling.  Not given.  I busted my ass.  I don't know if I can say ass.  I busted my butt.  To get here.  But I feel immense gratitude and pride that I am able to sit here with you and talk about such hard things and know that there's somebody on the other side that feels less alone.  That maybe says to themselves, I'm going to get help.  Asks for help.  Starts taking care of themselves in the way that they deserve.  Because, you know, plus size or not, we all...  Everybody deserves food.  Everybody deserves to eat.  You know?  We deserve to take care of ourselves.  And we deserve to live without judgment.  We do.  We do.  Yes.  That's the biggest thing in all of this.  Are you currently in therapy?  How often are you in treatment?  Yeah, so I see my dietician once a week.  And then I have my therapist once a week.  And...  And I have a lot of people in my life who lovingly just nudge me, nudge me along the right path.  And, yeah, I'm doing it.  You are doing it.  You're doing it.  Thank you so much, Tess.  I appreciate you joining us.  It means the world to me.  And please come back anytime because my platform is your platform.  As long as people are telling the truth, trying to uplift other people, they have space here.  So you always do.  Thank you.  Thank you so much.  I have to just soak in all of you, how amazing you are.  I do.  I have to receive how amazing you are and how special you are.  And I hope you receive this.  No, thank you.  Thank you.",408,10.0,0,0,0,0,59.0,Bitchute
AgbJeWUNyLPO,"SOCIALIST' EUTHANASIA PROGRAMS FOR THE POOR, SICK OR DEPRESSED","Feeling down? Perhaps your significant other has dumped you, or maybe you're sick and tired of being poor or living in this dystopian world into which we've devolved. Canadian 'socialists' have the solution heretofore only found on socialist media: go kill yourself, press 5 if you'd like government 'socialist' help."," The not-so-shocking turn of events that is the dystopian world we live in, Canada, it turns out, is killing poor people.  I wish I was making this up.  In 2016, it became legal for any Canadian citizen aged 18 or older who had a reasonably foreseeable terminal illness and death  in the near future to commit suicide through a physician-assisted suicide program funded by and administered by the government  if they could get two doctors to sign off on it.  Since 2016, that's expanded to both physically ill and mentally ill people in Canada seeking out euthanasia.  And next year, it's set to be the most expansive euthanasia program the world has ever seen,  which would include adults, children, physically ill people, mentally ill people, and poor people.  In the last year the data was available, 10,000 Canadians committed euthanasia, physician-assisted suicide,  in one calendar year alone, making it the sixth highest.  And it's the highest-leading cause of death in the country.  So we're literally just telling people now, just to be clear, that it's better to be dead than to be poor or depressed  or dealing with a mental illness.  It's better, it's more dignified to be dead.  And, and, that the government should pay for it?  Forgive my youthful ignorance, but at what point in human history was it ever a good idea for human rights  or progression of a society for the government to euthanize people?  Who were disabled, mentally ill, or poor?  Hello everybody, this is Kelly Lorenz, we're going to dial 8-1-1 here, it's Saskatchewan Health.  Thank you for calling Healthline 8-1-1.  If this is an emergency, please hang up and dial 9-1-1.  The Saskatchewan Health Authority will not tolerate verbal abuse or abusive language.  The Saskatchewan Health Authority will not tolerate verbal abuse or abusive language.  If you choose to use abusive language, it will result in a termination of the call.  If you are looking to book an appointment for the flu or COVID vaccine, please go to  www.forflu.ca, or call the SaskSox booking line at 1-833-727-5829.  Please listen carefully as our menu options have changed.  Press 1 if your devices are not available.  call is COVID-19 related. Press 2 if you wish to speak to a registered nurse for  all other concerns. Press 3 if you wish to speak to a mental health and  addictions clinician. Press 4 if you wish to speak to poison control. Press 5 if  you wish to leave a message with a medical assistance in dying program.",599,6.0,0,0,0,0,11.0,Bitchute
r6gcPuVt4tg,How to treat depression with psychotherapy and mindfulness #shorts,"GET MY ANXIETY BOOK  http://WhyAmIAnxious.com

FOLLOW ME ON INSTAGRAM for quick, bite-sized mental-health tips https://www.instagram.com/drtraceymarks/

FOLLOW ME ON TIKTOK https://www.tiktok.com/@drtraceymarks

WANT TO START IN THERAPY? Here’s a convenient and affordable option with my sponsor BetterHelp
https://Betterhelp.com/drmarks 

For a monthly fee, you get a REAL licensed therapist with whom you can meet weekly by phone, video or chat. You can also send daily messages. 
For a full review of the service, watch this video https://youtu.be/kDs9HxGnyxw

If you use this link you will get a 10% discount on your first month. https://betterhelp.com/drmarks This is an option I've researched. I get a referral commission if you sign up.

Want to know more about mental health and self-improvement? On this channel I discuss topics such as bipolar disorder, major depression, anxiety disorders, attention deficit disorder (ADHD), relationships and personal development/self-improvement. I upload weekly. If you don’t want to miss a video, click here to subscribe. https://goo.gl/DFfT33 

Disclaimer: All of the information on this channel is for educational purposes and not intended to be specific/personal medical advice from me to you. Watching the videos or getting answers to comments/question, does not establish a doctor-patient relationship. If you have your own doctor, perhaps these videos can help prepare you for your discussion with your doctor."," Depression equals loose connections in the frontal parietal network and tight connections in the default network. The end result is poor ability to regulate your mood and too much time ruminating on negative things. Here's where mindfulness comes to the rescue. Because mindfulness helps reduce the self-critical thoughts, it strengthens the connectivity in the frontal parietal network and weakens the connectivity in the default mode network. Researchers have shown that not only does the practice of mindfulness help during the period that you're doing it, but if you practice it on a regular basis, you get sustained connectivity and therefore improvement in your depression.",35067,2675.0,0,0,1,0,56.0,Youtube
vDAOPkiqN8o,Sign that Indicate you are in Depression #motivation #depression #shorts,Sign that Indicate you are in Depression #motivation #depression #shorts,"Signs that indicate you may be experiencing depression. 1. You feel afraid to talk to people or lack confidence in yourself. 2. You don't feel like doing any work and find yourself constantly lost in your thoughts. 3. Your life is wasted and lacks meaning. 4. You believe that you are of no use and cannot help anyone. 5. You experience sleeping problems such as too little sleep, waking up suddenly at night, or having trouble falling asleep. So friends, if you are also facing such a problem, then do not panic. This is also a phase of life and comes in everyone's life. Do not be afraid of it and keep moving forward.",166,8.0,0,0,1,0,1.0,Youtube
ibXssa_Usdw,5 Ways my AuDHD affects me #adhd #autism  #AuDHD #shorts,,I think I like when it rains. You told me to go to the light. In what it's like to feel your pain. Now I'm okay if you're alright.,1592,60.0,0,0,0,0,6.0,Youtube
vWVzT3cH5XU,I thought life was a musical #adhd #rant,"#shorts  #streamer

WATCH ME LIVE:  https://www.twitch.tv/squidinkidink
Join my Discord! - https://discord.gg/squidink
 Twitter - @squidinkidink
 Instagram - @squidinkidink"," I'm listening to music and I'm like I wanna dance and it's a full train and I'm like what if I dance anyway because I forget that other people are around me constantly and I just started dancing. I just started grooving a little bit and singing to myself and the girl who was like in front of me like looked at me was like you good? And I was like I am, I'm so good. I just have no understanding that other people exist on my planet. I think it's just me. I think everyone else is a simulation that I can do whatever I want. I have no understanding that the world isn't high school musical. Why isn't it high school musical? Why? Who did that? Why would they set unrealistic expectations with high school musical and expect me to live life and be happy? You wanna know why our generation has so much depression? It's cause they didn't make high school like high school musical. Movies have set a false expectation of my musical reality.",137314,16408.0,0,0,0,0,250.0,Youtube
Lck4bBz-Xsk,🙏❤️ Short Prayer God Wants You To Hear For Fear And Anxiety  #shorts,"God wants you to be FREE from fear, anxiety, worry, and fretting. But how can God answer your prayer, if you don't pray?


It is God's will for you to be FREE from these tormenting thoughts. He knows how you FEEL and He has the answer for your burdens.


Cast all your burdens upon God for He cares for you. 


God's PERFECT LOVE casts out fear. 

Pray this pray OUT LOUD right now! He will answer you.


Jeffrey Hardwick, A Transforming Word Ministries
http://www.atwministies.com/  𝐒𝐢𝐠𝐧 𝐔𝐩 𝐅𝐨𝐫 𝐄𝐧𝐜𝐨𝐮𝐫𝐚𝐠𝐢𝐧𝐠 𝐍𝐞𝐰𝐬𝐥𝐞𝐭𝐭𝐞𝐫


𝐆𝐄𝐓 𝐌𝐎𝐑𝐄:


𝐒𝐨𝐚𝐤𝐢𝐧𝐠 𝐏𝐫𝐚𝐲𝐞𝐫𝐬: https://atwministries.com/soaking-prayers/


𝐅𝐚𝐜𝐞𝐛𝐨𝐨𝐤: https://www.facebook.com/ATransformingWordMinistries/


















































#shorts"," Heavenly Father, I give you all my burdens, anxieties, worries, and fears because I don't want them anymore. Free me from the tormenting thoughts and replace them with your perfect love that casts out fear in Jesus' name. Amen.",1724,221.0,-1,0,-1,0,48.0,Youtube
jJjYkkDzEPM,This isn’t a drill. It’s coming. 2030. #depression #shorts #growyourownfood #homestead,,,1548,47.0,0,0,1,0,6.0,Youtube
NFh2CEWcTTyW,Ex girlfriend has a bad case of Borderline Personality Disorder...,A man has his car key-scratched by his crazy (ex) girlfriend., you think i care i don't care anymore quit hitting me proof of you doing this you're crazy bro you're  crazy let me leave you have me blocked in let me leave you're kidnapping me let me leave leave me  alone let me leave,916,9.0,0,0,0,0,13.0,Bitchute
pqsQjxDwKKI,Power of Breath and Mental Health #nehaagoyal #lifecoach #shorts #breathing #lifecoachingtips,,,999,27.0,0,0,0,0,17.0,Youtube
-iVIZqE00_0,No Mental Health in Schools #shorts #mentalhealth,"BOOK A JARED SCOTT KEYNOTE FOR YOUR NEXT EVENT: https://jaredscottlive.com

 INSTAGRAM: https://www.instagram.com/jaredscottlive/?hl=en
Tik Tok : https://www.tiktok.com/@jaredscottlive

JARED'S BIO: Mental Health. SEL. Motivational Speaker Jared Scott has performed at hundreds of venues since the age of 15. Having over 10 years of experience, most of which took place during his formative years, gives him an experience and understanding that most speakers do not have. Jared was able to document and speak through the journey of becoming an adult and navigate through these pivotal times. Jared’s insight not only helps people of all ages, but will also bridge the gap that lies between contrasting generations. 

The perspective gained from Jared’s speeches has the power to unify people of all generations, ethnicities, backgrounds, and cultures. After all, Jared’s love for public speaking is rooted in the positive effect it has on his audience, which leads to change in their community."," When I was a kid we didn't have mental health in the curriculum at school. Nobody taught me how to manage my mind or manage my emotions or talk about my feelings. So I didn't, I suppressed them. But suppressed feelings over time it becomes depression. That's why they call it depression. You have to learn how to let them out and how to do that properly and safely in a good way in a safe controlled environment and that is what we're trying to create here today.",1546,60.0,0,0,0,0,10.0,Youtube
uSB31DnftkM,Part 2: Simple Way to Overcome Fear & Anxiety! #shorts #overcomefear #successsecrets #gracewang,"#shorts #overcomefear #successsecrets #gracewang 

Sign Up for a one-hour Free Training for clarity on online business growth:
https://calendly.com/gracewang-myhappychoice/60minutes?month=2023-02

Connect with me at :
https://myhappychoice.com/

Download The Free Cheat Sheet:
https://myhappychoice.us17.list-manage.com/subscribe?u=2752d24c7d73d89c9ec2956b6&id=312f843b4a"," Feel the fear, but do it anyway. I used to fear public speaking. In my mind, I understand that this is the skill I needed to master if I want to build a successful business. The fear of public speaking was a big obstacle on my way to success in the past. I joined the two semesters to practice. I felt sick in my stomach every time I had to get up to speak in front of people. Stop letting your emotions control your life. You can step right into the fear and anxiety and push it through.",41,1.0,0,0,0,0,0.0,Youtube
A7I-XzQ8Q5I,I have PTSD. What's your excuse? Just DO IT!🙏🏻 #anxiety #mentalhealth #ptsd,," Hey, so I just wanted to give a little PSA or something about people like me who have severe PTSD and anxiety.  And I'm not just talking about, like, normal anxiety, like, oh, my hands get a little clammy when I go to, you know, make a speech.  I'm talking debilitating heart palpitations 5 to 20 or more times per day over normal interactions.  That shouldn't really be a big deal at all, but because of the chemicals in my brain, it doesn't react the correct way.  So throughout the day, feeling like someone is punching me in the chest repeatedly, dry mouth, shortness of breath, muscle twitches, muscle spasms, stuttering, and extreme fatigue and sometimes night terrors.  Now, I am not looking for opinions.  I go out and I still do.  I live my life every day and I'm 28 and I'm trying really hard to get all of my creative stuff going because I don't believe in myself, but I'm pushing myself.  Now, if you and I know that a lot of people have it worse than me.  So if you are not worse off than me and you don't have any kind of serious anxiety disorder, what the fuck is stopping you from doing your from living?  Your fucking life, achieving your fucking dreams, nothing is stopping you.  You must live your life for me if I die and you haven't done anything with your life. It is your own fault",1080,4.0,0,0,0,0,1.0,Bitchute
dw5BbcUSV4c,Why Is There an Epidemic of Depression? #shorts,," If you take an animal like a tiger or a lion from the wild into captivity, many of those animals, many of those species become depressed. This is something that's not just in humans. Even animals can become highly depressed. This is what is causing depression, like deep, deep depression, because people are found themselves in this cage. They've lost meaning. They've lost their connection to God. The liberal system is constantly attacking God and religion. And God and religion is important for people's psychology. God and religion is important for people to live happy, fulfilled lives. That's a central need that people have. And liberalism destroys it. Liberalism is the one that destroys it, is violating people's fundamental human interests, and therefore their fundamental human rights. That is the liberal global system that we are trapped in, like animals, slowly killing us all. So yeah, people are depressed, and they can't control it because they can't control the system that is being imposed on them, this liberal system that's being imposed on them.",53628,6466.0,0,0,-1,-1,264.0,Youtube
6lc4sXrjTow,#pov : you must choose agoraphobia or schizophrenia you choose agoraphobia(⚠️TW-#awareness )#shorts,," I grew a fibia. I've never heard of that. It can't be that bad. Doesn't even remind me to find out. Mom, I can't go to school today. Everyone's gonna see me. I'm gonna be alone all day. What am I gonna do? I'm scared. I can't just grow up and go to school. You're being delusional. It's just leaving house. Everything's gonna be fine. I can't do this. I can't do this. Seriously. Stop being so pathetic. You can't stay and serve ever. You make such a big deal out of everything. Hey, can someone be with me all the way? It's so crowded. Why don't you wait in line at the restaurant? I need to find a way to escape this. I can't do this. We're all going out for dinner. You in? I can't go out for dinner. It's right on dinnertime. Everyone's gonna be there. I can't do it. Oh, you're lost. Hey guys, what are you talking about? Oh, we're just talking about the restaurant, but you didn't wanna come. I just hope that you don't wanna come. I've physically hidden.",78745,7853.0,0,0,0,0,109.0,Youtube
TS_Kfm4AjOw,5 Things That we Don't 🤔 About #mentalillness #shorts #depression #anime #mentalhealth,,"5 Things People With Anxiety Secretly Do Alone: 1. We're playing past events in your head to try to correct them. 2. Imagining future events and trying to figure out any surprise that may not go according to plans. 3. playing TV shows over and over again because you know what will happen. 4. Socially withdrawing to cope with your symptoms, but feeling overwhelmed with the messages waiting for you. 5. Typing out a message to explain your struggle but deleting it because you second guess yourself.",2655,69.0,0,0,0,0,11.0,Youtube
EB7g8UnQcsPn,Governor of California on new mental health school initiatives,"Governor of California on new mental health school initiatives: ""What we have now is a fragmented system, a system that is completely disconnected, a system that self-evidently has failed and continues to fail. [...] We have a lot of work to do to turn that around."""," We're here mindful of how many people are counting on us and how many people are expecting us to do more and do better.  And so we are here with that sober appreciation and understanding of the magnitude and the scale of our responsibility.  I don't want to belabor these points, but I need to make this point.  The world that we're living in today didn't happen overnight.  It's over the course of decades and decades of neglect that we ended up here across the spectrum.  You can go back to the 40s and 50s, 60s, 70s, 80s, 90s, not just here in California, but throughout the United States.  As we moved away, fits and starts to address the issue of brain health.  And what we have now is a fragmented system, a system that is completely disconnected,  a system that self-evidently is fragmented.  A system that has failed and continues to fail people like Leah and millions and millions of others.  And we have a lot of work to do to turn that around, and that's not going to happen overnight.",1537,7.0,0,0,0,0,39.0,Bitchute
BdQA91Cmbig,WHO is executive dysfunction? #adhd #shorts #short #funny,"WHO is executive dysfunction and WHY is she bothering me
 Tiktok: https://www.tiktok.com/@amyhd05",A few days ago I dropped my fidget ring under my desk and I've been meaning to get it for the last few days but I just cannot get it. I know exactly where it is but I just cannot get myself to bend down and pick it up. It's also really annoying because it's my favourite fidget so I use it in most situations anyway and now it's just sitting on the floor and I physically cannot pick it up.,2205,44.0,0,0,0,0,17.0,Youtube
d9JVGzdcWRQ,#pov : you must choose between hypomania or bipolar you choose bipolar (⚠️TW - AWARENESS) #awareness,," Bye Polo, what could be so terrible about bye Polo? Have a long day today. Hey, hey, how are you doing? Oh, we should totally do that. That's so funny. Could you shut up for one second? You're so hyper and energetic. Just shut up. Sure. Wake up, you're late. I can't get out of bed. It's been an hour. Just call. Don't be lazy and get out of bed. You're late for school. Stop being lazy. Okay, so I have this project, this project. You know what? I just thought the one at the same time, you know? Why don't you just use my tips and do what you're supposed to do? Otherwise you're going to fail again. Why aren't you meeting up with us? Because you guys are my competition. There's no point in speculating boundaries for once. No wonder why no one writes you.",127653,17559.0,0,0,0,0,241.0,Youtube
v7BYFVUOlTM,Prayer For Your Mental Health 🙏 #shorts,"Father God, I come to You with a prayer for mental health. Grant me peace in the midst of turmoil, calm in the face of anxiety, and hope in times of despair. Heal my mind, renew my thoughts, and bring comfort to my soul. Guide me towards the support and resources I need, and surround me with understanding and compassionate individuals. May Your light shine upon the darkness, bringing healing and restoration to my mental well-being in Jesus name amen."," Heavenly Father, I wanted to lift up the person watching this video right now. Pray over their sleep tonight, Lord, and for this person's mental health. I'm lifting up anyone who is struggling in their mental health, Lord, with their thinking, or maybe they're just facing something that's just weighing them down and bringing them a lot of stress and anxiety. I pray right now in the name of Jesus for God to heal you from this mental health challenge, for him to bring you peace that surpasses all understanding. You have the mind of Christ keeps speaking his word over your life. And I pray right now for him to deliver you through this mental health issue and bring you total and complete transformational peace in the mighty name of Jesus I claim. Amen. God bless you. Follow for more prayers.",4819,1272.0,0,0,0,0,136.0,Youtube
89Cl_G6OEFg,Gentle Autism & Motherhood❤️💙💛💚 #shorts,," You're ready, good job! Like this. Okay. You're welcome. You're welcome.",212961,19474.0,0,0,0,0,460.0,Youtube
lPetf9_RGuw,Is depression real? Andrew Tate,"Start earning money today: https://aftermarketarbitrage.com/
Join our free discord: https://aftermarketarbitrage.com/invite
Book a call with us here: https://calendly.com/aftermarketarbitrage
Instagram: https://instagram.com/aftermarketarbitrage
TikTok: https://www.tiktok.com/@aftermarketarbitrage

#entreprenuer #entrepreneurship #entertainment #Sneakers #sneakerreselling  #djkhaled #airbnb"," Tate said that depression isn't real. I think depression is a real thing, but I feel like when you're in that state, you attach that to yourself as a label. And once that starts to find you as a person, you start to think, I'm depressed, I'm not gonna do that, fuck that. This is coming from someone that's experienced the same thing. Once you don't let it define you as a person, and you think, I'm gonna start trying things, going out for a walk, even little things that you don't wanna do, but you know you have to, because it's gonna get you out of that shitty little, you know, rut that you're in. That's what you have to do.",11463,352.0,0,0,-1,-1,49.0,Youtube
R5W4r8ZIomE,My OCD at its finest #eldenring #shorts,," Why is it that The smithing stones go up to eight and then the ancient dragon stone is next It's just that that means there's nine tears and that I'm gonna be honest It bothers me because there's not ten tears It's not an even number. I Don't know why that bothers me so much, but it really does There's ten tears of the sombering so why can't there be ten tears of just normal smithing, you know",1672,41.0,0,0,0,0,18.0,Youtube
po6qn9DJGaU,Like and Subscribe for More Shorts❤️😭#nba2k #nba2k23 #sad #basketball #depression #shorts #nba,,Music,3359,97.0,0,0,0,0,31.0,Youtube
NdxTVUqPVXDc,Psychosis: man in a skirt and makeup truly believes he's suffering menstrual cramps,," I swear to God, if anyone says welcome to womanhood, I'm going to lose my shit.",1040,1.0,0,0,0,0,2.0,Bitchute
qCthXuL1yZU,3 Best Vitamins for Mental Health #shorts,"3 Best Vitamins for Mental Health #shorts

Dr. Janine shares the three best vitamins for mental health.  She talks about a lot of people are deficient in vitamin B12 and don’t even know it, is very important for the function of our nerves and brain.  She looks at how vitamin D3 is very hard to get naturally in a lot of places in the cold winter months but is one of the best vitamins for mental health.  Lastly, Dr. Janine explains how DHA, from fish oil, helps protects our neurons and is great for brain health making it one of the best vitamins for mental health.

Links to supplements mentioned in this short
Vitamin B12 – Vitatree Vitamin B12: https://us.vitatree.com/vitamin-b12/ 
Vitamin D3 – Vitatree Vitamin D3 Chewable: https://us.vitatree.com/vitamin-d3-chewable/ 
DHA, Fish Oil – Vitatree VitaFish Oil: https://us.vitatree.com/fish-oil/ 

Watch Health Matters with Dr. Janine
-Online every Tuesday at 11am EST
-And chat with Dr. Janine live during the show.

Connection with Doctor Janine: 
Instagram: https://www.instagram.com/doctorjanine 
Facebook: https://www.facebook.com/drj9live 
Twitter: https://twitter.com/drj9live?lang=en
Tik Tok: https://www.tiktok.com/@j9naturally?lang=en 
YouTube: https://www.youtube.com/user/vitatree  
Pinterest: https://www.pinterest.ca/drj9live 
BeStill By Dr. Janine ND: https://www.youtube.com/@bestilldrjanine 

#vitaminb12 #vitamind3 #depression

J9CON230019","Here are the three best vitamins for mental health. Number one is B12. A lot of people are deficient, they don't even know it. No, you don't need to be a vegetarian to be low in B12. Really important for the function of your nerves and brain. Number two is D. So we know goes away in a lot of places in the cold winter months, it's very difficult to sometimes get enough from the diet. Do your best, you may need to supplement. And three on the list is DHA. This is something you can take in a fish oil supplement in a high concentration, protect our neurons, which is important, but also great for brain health and mental health. Follow for more natural health tips.",663543,24688.0,0,0,0,0,434.0,Youtube
3lZiRXywXLY,ADHD at its finest… #shorts #adhd,,Music,8425,298.0,0,0,0,0,11.0,Youtube
t2RThwohuWg,Can a depressed person have a good day? #shorts,"WANT TO START IN THERAPY? Here’s a convenient and affordable option with my sponsor BetterHelp
https://Betterhelp.com/drmarks 

For a monthly fee, you get a REAL licensed therapist with whom you can meet weekly by phone, video or chat. You can also send daily messages. 
For a full review of the service, watch this video https://youtu.be/kDs9HxGnyxw

If you use this link you will get a 10% discount on your first month. https://betterhelp.com/drmarks This is an option I've researched. I get a referral commission if you sign up.

GET MY ANXIETY BOOK  http://WhyAmIAnxious.com

FOLLOW ME ON INSTAGRAM for quick, bite-sized mental-health tips https://www.instagram.com/drtraceymarks/

FOLLOW ME ON TIKTOK https://www.tiktok.com/@drtraceymarks

Want to know more about mental health and self-improvement? On this channel I discuss topics such as bipolar disorder, major depression, anxiety disorders, attention deficit disorder (ADHD), relationships and personal development/self-improvement. I upload weekly. If you don’t want to miss a video, click here to subscribe. https://goo.gl/DFfT33 

Disclaimer: All of the information on this channel is for educational purposes and not intended to be specific/personal medical advice from me to you. Watching the videos or getting answers to comments/question, does not establish a doctor-patient relationship. If you have your own doctor, perhaps these videos can help prepare you for your discussion with your doctor."," can a depressed person have a good day? In other words, are you really depressed if you can feel good for part of the day? Usually we think of someone who is moderately too severely depressed as being very sad and unresponsive to things, but that isn't always how it looks. But when it does look like this, we call it having melancholic features or a melancholic depression. When someone is able to have a good day or enjoy some things, we call it having atypical features or an atypical depression. With atypical depression, you can brighten up when something good happens. It is a momentary brightening though, and it's not something that you feel for weeks, but you can feel like your mood has lifted usually in response to a positive event, like a party or watching a good movie. With melancholic depression, you don't have much positive response when good things happen. You just feel really low and it just seems like nothing can lift you up.",12627,1127.0,0,0,-1,0,27.0,Youtube
U8WqEszw0ZY,Have OCD? Watch this then! #shorts,," You look like a... a frame seedy. This is a teddy, right? I think it's not in my head. How should I check? iPhone will pass. I have the trick. So let's go to the measure app. Meeeeeeasure. Can you see an option in this? Level? Yes. So let's check. This is a good one. Seedy. Both are seedy. My God! This was really helpful in my OCD. If you want to do some seedy things like this, then follow Tech Repetite.",692,,0,0,0,0,0.0,Youtube
F6012JACHo93,White guilt is mental illness.,White guilt is mental illness.," About racism, anti-blackness, or violence.  I will use my voice in the most uplifting way possible.  And do everything in my power to educate my community.  I will love my black neighbors the same as my white ones.",481,11.0,0,0,0,0,30.0,Bitchute
YyK5Xv8AjZg,Boy with schizophrenia part 1🤐 #shorts #story #scarystories #schizophrenia  #fyp  #creepystories,,"I was born with a condition that causes me to hear and see things that aren't really there. It wasn't until I was 7 years old that I was diagnosed with schizophrenia, a mental disorder that makes it hard for me to tell what's real and what isn't. One day, while I was walking home from school, I heard a voice calling my name. At first, I thought it was my mom, but then the voice spoke again, and this time it sounded different. I turned around and saw a man standing behind me. He was tall and had skin that was a little darker than mine, and he wore a hooded sweater that made him look like a monk. Hello, the man said. I'm sorry, I do not mean any harm. I just wanted to ask you some questions. I didn't know what to do. I had always been told not to talk to strangers, but this man didn't seem scary, and I was curious about what he wanted. What questions? I'm from a group that studies the paranormal, he said. We've been receiving lots of reports of strange things happening in your area, and we thought we'd come investigate. What kind of things? I asked.",45,,0,0,-1,0,10.0,Youtube
4eZnWEOmdsc,What IS Autism w/ Bill Burr (from “Take Your Shoes Off” podcast - ep #187),"Wanna hear more about what tf #autism is? Check out episode #187 of #TakeYourShoesOffPodcast with #BillBurr and #RickGlassman here: https://youtu.be/eJAsrUeubbI

#shorts #comedy #standupcomedy","Dude, what the fuck? Your clock says 10 of 6 right now. What is going? Is that part of autism? Yeah. What the fuck is autism by the way? All I know is you just can't talk about it. Like everybody gets all like, you know, I'm on this spectrum and you're like, all right. Well, what does that mean? They get like all fucking mad at you like, you know, I could explain it pretty easily. Okay shit. Are you sitting down? There are a lot of different character traits that people in the autism spectrum have it doesn't mean they're autistic Talking with your hands talking with your hands learning to be expressive Not picking up on facial cues facial recognition obsessive compulsive disorder narrow focus Nonverbal difficulty adapting to different situations sensitive to sound smells There's like a whole bunch of things and the idea of the spectrum isn't really people think it's how far on the spectrum like how Fucking autistic. Are you? Yeah, that's not what it is. Does it go the spectrum is like how metal are you? Right, that's not how it works though. Okay, like are you an 11?",26352460,,0,0,0,0,16077.0,Youtube
WSmyb4qVu0k,Shocking Truth The Cruel Reality behind Mental Illness Exposed,"Check out the latest Joe rogan Podcast highlights in this short. Joe rogan dives deep in the world of technology politics and latest events with his special guest  

#shorts #joerogan #jre #podcast #facts #intrestingfacts", they just won't admit that. Right. I think they're watching it because it's a circus to them. And I think that's actually cruel. I don't think that you should like put people who suffer from mental illness on the cover of magazines. I just don't. Bad strategy.,5113,110.0,0,0,0,0,11.0,Youtube
9HfwQfnUpqvR,PSYCHIATRISTS - SOME OF THE WORST CRIMINALS IN SOCIETY,PSYCHIATRISTS - SOME OF THE WORST CRIMINALS IN SOCIETY, Thank you very much.  Thank you.  Thank you.  Thank you.  Thank you.,256,6.0,0,0,-1,-1,4.0,Bitchute
ELNDPhTnqoQ,My OCD Is Triggered. #shorts,"My OCD Is Triggered. #shortz #shorts #shortsfeed #shortsviral #shortsyoutube #shortsvideo #shortsbeta #shorts_video #shortsindia #shorts_ #shortfeed #shortvideo #shortvideos #shortviral #jeep #jeeps #jeeplife #3m 

🔔SUBSCRIBE for FREE how-to videos!🔔
✅My YouTube channel - https://www.youtube.com/user/PkwyDr
✅Check me out on Facebook - https://www.facebook.com/TonyTheTruckGuy",Of course I bring the Jeep in to get the 3M done. I walk up after it's done. First thing I notice is this little bubble thing there and then there's a freaking fuzzy stuck under there.,6083,72.0,0,0,0,0,29.0,Youtube
Xo7gQ9a4Nuxk,So What Mental Hospital Is This Girl In? None Because Governments Put Them Among Us,," Oh my god, guys.  I'm freaking out.  What am I gonna do?  Just kidding, I already scheduled the appointment.  I am what conservatives fear!  Fuck, that's good.",343,0.0,0,0,0,0,10.0,Bitchute
_rOGNSnHkyc,waves of depression #depression #mentalhealth #mentalillness #shorts #youtube,,"I will be one of the greatest that is to vow, promise Always wanted to be famous, just being real, yet honest My haters won't always be nameless, give them no cloud, I power Creators build different than ancient, sooner than later, ours keep an eye out for the numbers, stay in contact, synchronization To infinity, even beyond it, am a common, no destination A lot of things am above, and there are that me Do not couple with people love, cause then scared, get uglier Ain't problem, another equation, reasons, loaded, observation I'm not, Louie, reborn, creation, come and find me, standing, location",15,,0,0,0,0,0.0,Youtube
CUVI8B2dMCjI,MANY HALLUCINATIONS & PSYCHOSIS AFTER C19 SHOTS IN VAERS.HHS.GOV (NUREMBERGTRIALS.NET),," Hey everybody, in this video I want to talk about the phenomenon that I've seen over and over again in VARS, but then I really honed in on it today, and it's way more prevalent than I even thought possible, and that is hallucinations after the vaccine.  We're also, because it's somewhat similar, we're going to include psychosis as well, and I also searched schizophrenia, which might yield some interesting results.  So, that's what I want to focus on today. We've done a prior report on night terrors, which is somewhat similar if you're interested in this show, you might be interested in that video as well.  I actually received an email from a father today, I don't think he'll mind me sharing, I'll be very vague, but he said that his son had night terrors after his vaccine, and he was thankful to have come across my video, where I just listed out a bunch of VARS reports in this category, and a lot of people found that report very interesting.  So, this is in the same vein, no pun intended.  What I really want to do in this report is start with the youngest reports, the youngest aged patients, and work our way up.  But there's something interesting about VARS, and that is that a lot of the records don't have all the data fields filled out.  So, the first results, the first results that pop up are going to be the ones without an age.  So, we're just going to do a couple of these, kind of skimming through the records without an age, and then we'll skip to the youngest reports and work our way older and older.",957,8.0,-1,-1,-1,-1,4.0,Bitchute
N4vwF8SFQlQ,MENS MENTAL HEALTH#shorts #podcast#mentalhealth#sneako,,"Average man is like, a lot of them are invisible and miserable now. And we don't talk about that. The self deletion rate being five times higher for men than women is something that no one even thinks talks about. But we talk about the wage gap and a rove you would not be able to kill a baby is why women are oppressed. It's nonsense. When you talk about the real problems, when I say that men delete themselves five times more than women, you're like, who hurt you? That's why men don't talk about it. Because it's just this basic...",14088,486.0,0,0,0,0,41.0,Youtube
TsJEz8SNvWs,5 Signs Of Bad Mental Health #shorts,"5 Signs Of Bad Mental Health #shorts
This short video explains the warning signs of bad mental health to be aware of. Awareness is key

Subscribe for more content: https://www.youtube.com/channel/UC2xjY6Z1MVLHtgJH7xCWQOg",Music,333,7.0,0,0,0,0,2.0,Youtube
8oTrRXdFZ3M,5 COMMON SIGNS THAT MAY INDICATE DEPRESSION #shorts #depression,5 COMMON SIGNS THAT MAY INDICATE DEPRESSION #shorts #depression,"5. Common signs that may indicate depression. 5. Fatigue or loss of energy, feeling chronically drained. 4. Sleep disturbances, insomnia or excessive sleeping. 3. Withdrawal from social activities or reduced interest in social interactions. 2. Persistent sadness or low mood that lasts for an extended period. 1. Recurring thoughts of death, suicide or self-harm. It's OK to ask for help.",9,0.0,0,0,0,0,0.0,Youtube
