text,commenter_channel_display_name,comment_publish_date,video_id,platform,label
@Russellway better than let’s go Brandon.,No Fear86,1688701004.0,JGw_BzwtqtM,Youtube,0
What did you put on the outside of the gun??,Tshrop,1678114948.0,qt2Bpryqnv0,Youtube,0
be brave,Sophie Bazzi,1674148728.0,Tyq492QJOkw,Youtube,0
Thank you for calling me out,Edra Hodge,1663873763.0,MXAUwEVIL7E,Youtube,0
??? What does this even mean,chronic shitposter,1684056339.0,8_RK7jQrQbc,Youtube,0
Happy birthday dear Julian,Sheryl middle initial L,1689888265.0,l2KuxKGImMw,Youtube,0
"The joy on his face so beautiful 
Happy Blessed Birthday🎉🎉😊",UIV Concepts,1689716403.0,l2KuxKGImMw,Youtube,0
"Changes in mood in bipolar and similar disorders are very often triggered by stressful events and certain patterns of behavior. The treatment/prevention plans for these disorders revolve around reducing that risk as much as possible by building up a support network and practicing stress coping strategies in conjuction with diet, sleep, exercise, and meds. Sometimes depressive and and manic episodes can feel like they're out of the blue, but this is a pretty broad oversimplification. I know this is just a tiktok but if it's going to try to be educational it should be a little more accurate.",Ray H.,1661415893.0,jUF1K9rsh9o,Youtube,0
"Jesus can heal your daughter madam, find Jesus",Eskil Houndjo,1666016443.0,-gCSzvsCWCU,Youtube,0
I showed this to my class to prove i am not a weird autistic person i am normal autistic person,Soyeon and Josie roblox edits and more,1681177144.0,fz6dbtnwEi0,Youtube,0
"WAIT I HAVE OCD I NEED TO TELL MY MUM RN  




im not a kid im 14 and i still live with my mum",vent_with_me,1679616230.0,GqgRCPs1bdo,Youtube,0
"Say Dr. Grande, what’s the difference between schizophrenia prodrome and schizotypal personality disorder?

I was diagnosed with schizophrenia, but I never hit the acute phase in my life. I still have this chronic feeling of paranoia and haunting feeling as though spirits are flooding my mind and space.",@alphaalbeno1073,1669333654.0,TJ4vIghzCic,Youtube,0
I think that I may have both😬,@janycebrown4071,1670617137.0,TJ4vIghzCic,Youtube,0
so so prettyyyy,slaygirltips,1689983474.0,a54ae-6r2wo,Youtube,0
I hope it gets better for you and that you deserve to be here please don’t commit..,Night Rain_Venting,1673967138.0,QnCVCHKayOw,Youtube,0
😍😍😍😍😍,Demetrius Smith,1665292728.0,-gCSzvsCWCU,Youtube,0
Y did you need to be heard.... Just do your thing and leave the rest of us out of it,Chucky,1682789356.0,BcKuX6TV1To,Youtube,0
"That's not autism,  it's called retardation.",C M,1695260462.0,l2KuxKGImMw,Youtube,0
I need to do everything equal even eating if I don’t do what my brains says someone dies and I want to get another one to do it but I try not to think abt it n I think that works,Maeganne ,1673438115.0,GqgRCPs1bdo,Youtube,0
Bestie no… a single symptom doesn’t define a disorder and symptoms if some disorders are simply personalith traits or behaviors that could be completly separate,Proxy Doi,1690169181.0,QZYfVcw9gmU,Youtube,0
Someone told me I walk like a dinosaur today 🦖 😂,Unknown 7,1698132203.0,4e9-6N3ffFA,Youtube,0
I've lived in my house for about 4 years and almost every day I still run into the corner of the wall when turning down my hall way or whacking my arm on the corner of the kitchen bench as I turn into the kitchen. I'm always covered in bruises from it.,Tegan Archer,1691762856.0,4e9-6N3ffFA,Youtube,0
"Another reason to add to my ""reasons I should get checked for adhd"" list",username,1674806395.0,6RaXv-m8K9U,Youtube,0
Or your someone like me who doesn't even get out of bed unless one of my family members needs something,edwina coffman,1696210290.0,iiHAnwJo69g,Youtube,0
ADHD mean anyone can explain,Player tamizha2.0,1673558101.0,erbXyUpLVus,Youtube,0
"All health food stores carry them. Swanson's vitamins. Excellent prices high quality products.. that carry different brands such as NOW, Dr. Mercola, Dr Axe and their own products as well.",Nancy Heier,1680975873.0,oTlu3mjKnUM,Youtube,0
"Oh, I Gusse I have this 👍 good to know",Jax.     Crazy_Aunt_Max,1658727823.0,2n-GS8LUddU,Youtube,0
"WRONG BEN!  LOOK IT UP BEN. Gender Dysphoria is not a mental illness. You're arguing from a False Primus & all these morons in the audience start clapping???
You are not a Trained Psychiatrist.  You're opinion is Transphobic & how dare you try to mislead everyone & compare Transgenger to schizophrenia.  SHAME ON YOU! SHAME!",Michael Shields,1673513972.0,ih_t7x9LYLE,Youtube,0
"No thats just a d*mn stereotype that people have used to ignore and stay indifferent to ones mental needs. 

Everyone copes differently.",Lia Yang,1667434941.0,BcKuX6TV1To,Youtube,0
Your still don't such a great job tho 💕💕💕 keep working o on your Halloween jar,Krystal Anderson,1676461696.0,Tyq492QJOkw,Youtube,0
"Y’all should listen/ watch the full podcast   He goes more in depth. Also, it’s very eye opening with how medical professionals, really, had no right performing gender reassignment surgeries on Chloe at such a young age.",OMG1877,1673025620.0,NYVsd7vtdR8,Youtube,0
"Okay let’s get one thing straight Asian fishing is not through wearing makeup and clothes, if that was the case heck then I must be Asian fishing, it’s actively trying to look Asian by creating thinner narrow eyes, not wearing clothes that’s just stupid,we can’t gate keep clothes ffs,",Osamu Dazai,1690520780.0,HPc0nOxEmF0,Youtube,0
Amen! Thank you Lord!,Amy Rader,1687374415.0,v7BYFVUOlTM,Youtube,0
"And once they cut off their organs, there is no going back.",devona edwards,1671692295.0,ih_t7x9LYLE,Youtube,0
Happens in prisons to it's wild,Yoooo,1680368348.0,V4itEOdoa94,Youtube,0
I think I have ocd😳,Elle Shaughnessy,1676863558.0,GqgRCPs1bdo,Youtube,0
"can i just say.....


I do all of them things.....",•𝐴𝑙𝑒𝑥•,1669843938.0,_MS_j7Ecc6k,Youtube,0
i only have it a little bit and thank god it got better but i feel sorry for the people suffering very much under ocd,lilifee,1690376350.0,GqgRCPs1bdo,Youtube,0
⬆️⬆️,𝗧𝗘𝗫𝗧 𝗠𝗲+①⑥⑥⑦②⑥②④⑦⓪⓪,1664796050.0,6tTr9dn9bQc,Youtube,0
"@Farry Tale Folks need to know that stuff. When I grew up, and was able to do what I wanted, I never cut my hair again. I'm 53 now, and will go to my grave with long hair. (Even though it's starting to thin.) Lol I just felt someone needed to hear that. ❤😊❤",Margie Cook,1671223546.0,-gCSzvsCWCU,Youtube,0
Filter name please,ABHA RAHAMAN,1647559075.0,2n-GS8LUddU,Youtube,0
I have both and I completely relate,Mary’s garden,1688283712.0,b6WKN64k_mc,Youtube,0
"""Ah yes Ritalin... cocaine for children!!"" Dr. Greg House",Hendeesh,1672827275.0,kYZtrLHUNLM,Youtube,0
Happy Birthday Julian! 🎉🎉❤❤,Julia Jennings,1690091446.0,l2KuxKGImMw,Youtube,0
Why doesn’t anyone pick ADHD I’m gonna be honest I think some people r making ADHD a trend,MARLIY,1672085377.0,GqgRCPs1bdo,Youtube,0
"I work with individuals with autism, and you do whatever makes their day easier.",nadiyah shaheed,1674209719.0,-gCSzvsCWCU,Youtube,0
i just always thought i was  extremely clumsy all the time. always have at least one bruise or cut.,wednesday adams,1689854525.0,4e9-6N3ffFA,Youtube,0
So what you’re saying is…we should feed our children more sugar?,Saudidara,1670034912.0,kYZtrLHUNLM,Youtube,0
Why she liking thr,Emma Wilson,1687464743.0,gmzX3R_fhrI,Youtube,0
666😂,leo li,1679754863.0,qt2Bpryqnv0,Youtube,0
Why does no one show the other end of ocd. The more common type. Where you have to have things even neat and how you need it to function.,taya Bishop,1671720850.0,GqgRCPs1bdo,Youtube,0
I have ocd and adhd....,unforgexible_personz,1690140521.0,QZYfVcw9gmU,Youtube,0
They are lazy tho 😂,ruru105,1684594988.0,PGu2-QOfLBA,Youtube,0
Man I always obsess about what I say.. and the feeling like I’m constant being watched and judged every second .,Howard jr 1945,1649826371.0,2n-GS8LUddU,Youtube,0
Quit vape = 80% better results,@Fer_Guy,1688927765.0,2uE8YsXdloA,Youtube,-1
"Christians ask a demon called Jesus to come into their heart and possess their body. The pentagram represents JESUS and not Satan. Jesus's deciples used the pentagram as a secret symbol when they illegally whorshipped Jesus in secret. So all of the satanist in movies with black cloaks, and pentagram pendents on neckless, and a pentagram on the floor chanting are Jesus's deciples. So guess what you invited into your body? Jesus practiced witchcraft turning water into wine, and walking on water. Jesus was a Warlock.",Joe Smartballs,1693522752.0,Szew595ukwY,Youtube,-1
This happens and I’m very little it just like- idk..,Urlocallozor,1680940678.0,GqgRCPs1bdo,Youtube,0
"May Allah bless him, he is a Muslim lion !
I advise you to listen to him, you will benefit a lot In sha Allah",Mohammed Gamer,1666310614.0,dw5BbcUSV4c,Youtube,-1
50% relatable as a autistic person.,🐉𝙴𝚢𝚊𝚍-𝙽𝚊𝚍𝚢💦,1692506282.0,o7l9oVurnms,Youtube,0
"@Eren Jaeger it really erks me when people say that, just because someone is 14 and perhaps being ""cringe"" doesn't mean you should make fun of them. Everyone's feelings are legitimate and just because you feel like their just jumping on a trend doesn't mean you should insult them. I mean like why is being called 14 an insult these days? Why is being young a bad thing? Even if there are people out there fake it, is it really worth bothering the people who really are? So what if a 14 year old thinks somethings deep, why can't you just let them, it's not hurting you. I'm really really sorry for rambling and ranting but this is something that has really bothered me for a while. Sorry to bother you, have a good day.

Edit: typos",Mad Catter,1658871004.0,MXAUwEVIL7E,Youtube,0
Which is why they medicate people with ADHD with methylphenidate...an amphetamine derivative,Danlows1,1670017394.0,kYZtrLHUNLM,Youtube,0
Good you turned to God 🙏🏼,@M3RXYY,1692254194.0,2uE8YsXdloA,Youtube,-1
You forgot barely grazing the object you're trying to avoid and violently hip checking the other object you forgot was there right next to it,kuronekochanII,1689532212.0,4e9-6N3ffFA,Youtube,0
​@Shield Bit is being wrong!!!,Cara Metz,1690654135.0,PGu2-QOfLBA,Youtube,0
Imagine if it was reversed and a man was such high maintenance. Wouldn’t fly.,Cam Lee-Brown,1673967204.0,erbXyUpLVus,Youtube,0
"It’s ok you make it through this you can do it it looks very difficult to deal with this. Bless your heart , keep pushing through and don’t give up! ❤❤",Poppy,1674235751.0,Tyq492QJOkw,Youtube,0
"It's one reason I don't think I'll ever be able to ask a gal on a date again.  😔  And my lifelong depression has just gotten worse this year by realizing it, and how far behind I am in everything it seems.

I've never even been kissed let alone had a girlfriend.  I don't believe I'm smart enough to get a good enough job.  I can't see myself even having fun anymore.  😣  I don't want to exist.",BoMwarriorVlog,1694583143.0,RC1919tTab0,Youtube,0
Its about what type of weed u smoke if u smoke indica too much or overdose u might get paranoid,Gelashhaa,1673071472.0,wqBAohnacCk,Youtube,0
"I'm sorry your mother was so horrible to you.

...What?  You DO realize your mother's a woman, right?",Unimpartial Observer,1696510844.0,RC1919tTab0,Youtube,0
I like your tattos,Alivia Holthus,1658600709.0,MXAUwEVIL7E,Youtube,0
"@Endtherinbetween ☻ 😈 sometimes it's hard and I'd LOVE a cure but you're so right. It's just a different way of seeing the world, it comes with its struggles but is worth it in the end",Jayde,1666435416.0,-gCSzvsCWCU,Youtube,0
"🌷🌸🌷🌸
    🌸🌷🌸🌷🌸
 Λ🌷🌸🌷🌸🌷
( ˘ ᵕ ˘🌷🌸🌷
ヽ  つ＼     ／
   UU   / 🎀 \  this is for you because you love us and we love you for you ❤",urlocalrat,1689664081.0,a54ae-6r2wo,Youtube,0
"Depends on your own lifestyle. Dogs are pack animals but they do adapt to humans. Dogs require exercise, play interactions with other dogs if possible and they also need to be loved. You become their ‘pack’ and their leader. It is very cruel to get a dog/puppy and leave it alone all day while you work. Indeed it’s the same for cats and even birds. It’s like putting them into solitary confinement. The get depressed and often destructive. 
Do some research on dog groups like Herding, Working, terrier group is. Each has distinct characteristics bred into them that they cannot change. Border Collies are high energy herding dogs they will herd you, other dogs,cats, Frisbees. German Shepard are high energy working dogs who NEED a job a purpose each day. Consider size and age, maybe get an adult rescue dog. Finally also consider seeking info from a dog kennel or dog daycare trainer. You’re making a decision to love and care for that animal for its entire life. Good luck.",Gail Fagan,1695937445.0,RC1919tTab0,Youtube,0
All of your videos talking about autistic people describe me so much (I have ADHD),gosth_boy,1681797614.0,fz6dbtnwEi0,Youtube,0
I can relate,CHEESECAJE21,1689946707.0,GqgRCPs1bdo,Youtube,0
@Jdot lol right😭,Gh👻stF@c£,1687629422.0,gmzX3R_fhrI,Youtube,0
@Unimpartial ObserverDitto!,Mary ASDoss,1696568237.0,RC1919tTab0,Youtube,0
Bro really tried to sneak that furry mask in there 💀,@ViperX..,1681544273.0,2uE8YsXdloA,Youtube,-1
"I have said that exact same thing before. Your statement it's about ""left vs right, good and evil. "" I have been telling people that since this crazy woke ideology began becoming a well known problem. It really is just that simple and people need to be fighting to end this.",Skittles,1664094061.0,kzSiaYXuDaU,Youtube,0
"I had ocd, and i still do.. its gotten better but i have to constantly touch everything that I see or something bad happens, everything has to be neat or else ill lose my mind, but i had to wash my hands 28 times a day, keep checking if i locked something or if i touched something and keep washing my hands, i have to bite my cheek to get rid of my anxiety because of it, i don’t turn on and off the lights because im extremely terrified of the dark. I don’t text my parents or friends when they are out i just worry a bit constantly. Its definitely gotten better i couldn’t leave the bathroom without checking if i washed my hands deeply enough, touched whatever my mind told me to i still have that problem, i don’t wake up at an odd or even number i just.. stay in bed until i have the courage to deal with my mind again, people that have ocd arent a neat freak, they worry. Everything has to be perfect according to their illness.",Marilynmonroe,1670843909.0,GqgRCPs1bdo,Youtube,0
"As smart as the scientists and doctors think they are, they’re still just shooting in the dark till they can find something that works.",hidel308,1669944363.0,kYZtrLHUNLM,Youtube,0
I'm definitely the first 3. I've not caught myself doing dinosaur hands but it seems like something i would do. ❤,Emma Bleakley,1697279368.0,4e9-6N3ffFA,Youtube,0
Ok all true but are we not gonna talk about how she is literally so stunning and slayed these outfits,Vent,1685467462.0,a54ae-6r2wo,Youtube,0
Interesting,Polish one 35,1672274547.0,kYZtrLHUNLM,Youtube,0
"A man, dressed as a woman, wants to be taken seriously.....",nonya bizzness,1677366997.0,BcKuX6TV1To,Youtube,0
You keep making me think I have undiagnosed ADHD or something man 😭😭😭,Cherri Kate,1661369543.0,jUF1K9rsh9o,Youtube,0
As someone with ocd and adhd one Time i saw a grafity Saying f*ck god and my head was like yes that person is right and i was like no it not right and it kept Saying the same thing i was fighting with my own mind😭 ( i got a 40/100 on math test last Time CUZ of my adhd😡✋🏼),♥︎𝕂𝕒𝕥𝕒𝕝𝕚𝕒♥︎,1698539556.0,GqgRCPs1bdo,Youtube,0
lol,zackattackwojo,1674744007.0,iaBMUv5BJGA,Youtube,0
"Hey guys 
Autism, down syndrome and all those things can be prevented during pregnancy by good prenatal care and getting enlightened about them 
It can be prevented by good prenatal care 
You can check it out and know about it 
Jesus loves you",Angie kids,1689542768.0,-gCSzvsCWCU,Youtube,0
"@Emperor Palpatinecorrect and hoarders have oc and collector's anxiety so ariel has triple disorders, therefor hoarding disorders",Cockatoo Man,1691472458.0,QZYfVcw9gmU,Youtube,0
@Matthew Langley yea finger is the real safety,leathal bacon,1677161934.0,qt2Bpryqnv0,Youtube,0
"Then he is with the wrong woman. If you want to be around mean women, surprise surprise, they’ll treat you mean. Choose wisely.",Midnight Cowboy,1693412230.0,RC1919tTab0,Youtube,0
I just found out that I have ocd,yazi,1671830895.0,GqgRCPs1bdo,Youtube,0
Wait is not sleeping for weeks normal because last summer i didn't sleep all summer oh and I have social anxiety so I just not be social at school,_F-MC,1654257935.0,2n-GS8LUddU,Youtube,0
Can you do ADHD?,y0ur_ average_girl,1681005492.0,GqgRCPs1bdo,Youtube,0
@Random Guy What gives you this idiotic opinion,Jesus Christ loves you,1683649741.0,u1r43GNrtzA,Youtube,0
"If my kid start touching the props they would call security over us, stop thinking you can even thought you have autism",DatRusse,1694624918.0,jj0lzrVUXLo,Youtube,0
Thank God someone else realized it,Sharaya Fugate,1691882974.0,RC1919tTab0,Youtube,0
"Nah, but the writer was",Brun0Max123,1690904529.0,QZYfVcw9gmU,Youtube,0
She just needs a good spanking! Nothing else said Kids today are so spoiled autism are not! We are always trying to please what ever happened to discipline??? Scared to see what the these kids grow up to be,Tammy Duncan,1677546907.0,-gCSzvsCWCU,Youtube,0
Me on a daily basis 😂😂😂😂,@trinityoneal278,1667842394.0,e4-NNSFIZNs,Youtube,0
Can you make something about feeling guilty for nothing and saying sorry for nothing whatever that disorder is.,Sarah,1675499003.0,GqgRCPs1bdo,Youtube,0
"Her: Obsessive Cleaning Disorder
Me:...I'm sorry what??

Also OCD isn't just you have to have everything clean. Me myself I have it. There are so many other symptoms like unwanted seggsual thoughts and car crashing thoughts. Lining things up like facing the same way or it bugs you so freakin bad and your brain tells you, ""You have to do it or something may happen"" or it just doesn't feel right.",THM _3000,1686194137.0,_MS_j7Ecc6k,Youtube,0
Atleast she apologized. Some people don't even do that,dddavieditz,1694139483.0,PGu2-QOfLBA,Youtube,0
Can’t tell you how many “stunts” I pulled. 🙄,Abbie Watterson,1671156317.0,-gCSzvsCWCU,Youtube,0
You have only said what millions have said over the past several years???🥺,Sara Murillo-garcia,1695523971.0,bd4AyyVJfSg,Youtube,0
"I have anxiety and social anxiety, the only reason I get sleep is because I remind myself how I’ve not died yet and tonight is probably not the night I’m going to",DrunkCow,1687049351.0,b6WKN64k_mc,Youtube,0
"Women have learned playing victim always gets them rewards. 
There was a point where they played victim because they were victim and when that worked...it evolved into what we have today. 

Men paying child support.
Women choosing when to have abortions without the fathers consent.
Men paying alimony to a wife who cheated.
Men expecting to work, fix the house, pay dinner, be the ""man"" at all times.
Women get to tear up, they get emotional support groups, they get help, they get praised for overcoming any kind of trial. They get credit for being strong and independent for when they do something without help when men always do it without help.
Women cry r**e and the world breaks for them.
Men say they were harassed and everyone laughs and say he's lucky.
It's endless.

Men get no credit.

Valentines day = Her holiday.
Wedding = Her wedding.
Anniversary = Her Anniversary.
And so on.

Why are shared holidays always celebrating the woman and the man has to make the plan when they are both equally involved?

Look at Disney? Princesses are celebrated what are princes for? Being tall and handsome and loaded to help dig the princess out of financial ruin, misery and a dull mundane life. Disney pretty much brainwashed generations of young girls into saying a man is only good if he's tall, rich and has it all. He comes prepackaged 10/10 complete. She's allowed to be flawed, not perfect, filled with problems and he'll just tackle them all and bend over backwards for him.

Our society has abandoned men. They get nothing from no one no credit for anything. No help, no assistance, no back up.

A woman doesn't pay for her kids, she gets government assistance and help.

A man doesn't pay for his kids, he goes straight to jail for being a bum, a scumbag, a useless tool, a good for nothing father.

Men work longer hours, harder jobs, for more years and women turn around and complain they don't get paid the same because they aren't as experienced and when asked to lift a couch they make the man do it anyways. 

Not saying all women are like this, but society has built them like this and it takes a lot of courage, guts, accountability, and skill for a woman to throw all of it aside and venture out and actually be her own person, share in a relationship with a man equally and so on. 

Sadly it's easy because the resources for being a victim are stacked any hard moment, just tear up and don't be responsible and 100 simps fill in the gap.",Wintercourse,1691128076.0,RC1919tTab0,Youtube,0
How long she gonna pose for 😂,SATELLITE,1692056925.0,RC1919tTab0,Youtube,0
I have social anxiety but i would love to talk to people without being nervous. I just can't :(,Zyveo,1648302667.0,2n-GS8LUddU,Youtube,0
Finally someone really understands it I have ocd and people think ocd is wanting to clean all the time and finally someone understands it,not_star...,1698415933.0,GqgRCPs1bdo,Youtube,0
"My dads like this. He always said it for ADHD and OCD, he blames us (my siblings) like, “Don’t be so OCD” and “Control your ADHD…” and it makes me so mad. Js because I’m cleaning doesn’t mean I have OCD?… 
But I support all ppl with any mental condition if they aren’t problematic (on purpose) and using their mental health for an excuse for something.",neo,1690443879.0,GqgRCPs1bdo,Youtube,0
Is this Suzanne Venker?,Thought Keeper,1692737852.0,RC1919tTab0,Youtube,0
I relate to Alice,Mutliplix,1691265590.0,QZYfVcw9gmU,Youtube,0
"Bro mine is so out of whack I get so freaked over my phone and computer screen, I hate tapping on the screen unevenly so I turn the screen off and tap on all the places I didn't tap before to make me feel better. I also clench my jaw, and the sensation has to be on both sides but I keep doing it bcuz it's never the perfect timing, and also I press my nails into my fingers, but I need to do it on all fingers or else idk I'm gonna die or something, it just makes me uncomfortable and icky icky",lwehni,1680753076.0,GqgRCPs1bdo,Youtube,0
❤❤❤❤  that's right,/DELVIN /S4,1692058669.0,l2KuxKGImMw,Youtube,0
😅😅😅😅😅 I have done all of these at least once!!!!,Yasmin,1688389414.0,4e9-6N3ffFA,Youtube,0
Bro said I’m going to call you back it’s my birthday lol he was smooth with it 😂,pghmoore,1689733093.0,l2KuxKGImMw,Youtube,0
Why is she making her mental illnesses or disorders her whole personality on YouTube ?,mochii,1674338642.0,Tyq492QJOkw,Youtube,0
Idk why but for some reason i have a suspension that i have ocd because lets say ill snap once and my brain is like do it again so im just snaping randomly and im really picky for  clothes and also my hair,neil_cherry🌺,1698523319.0,GqgRCPs1bdo,Youtube,0
Should have pulled out…,ATTOMIC_BELLS,1665475976.0,-gCSzvsCWCU,Youtube,0
I LOVE this Gaston!😊,Kathryn Grossman,1693450350.0,HzUXFPO3cJE,Youtube,0
If you are ever concerned about this sort of issue do seek a process opinion from your doctor. They may be able to find some support for you,Dr Julie,1645229334.0,OCRKI5WYk6k,Youtube,0
Sameeeee,Anna,1698438395.0,LaVUX5bHz9Y,Youtube,0
I can truly relate to this. I have been telling my dad I have it but he never believes me.,Demonslayer_edits,1691270069.0,_MS_j7Ecc6k,Youtube,0
Is it’s a good or bad thing that I do both,@LoveCat19,1684472644.0,jqffqAJRRLY,Youtube,0
"I love the patience n knowing why she was upset. I admit, i do not have this patience n woulda started yelling. You are such a sweet mommy ❤",Diary of a Mad Mixed Girl,1666317269.0,-gCSzvsCWCU,Youtube,0
I think— I think I just had a revelation.,Huxley,1648840715.0,2n-GS8LUddU,Youtube,0
Bruh... It's up to the students to be the cast. You wanna sing and dance you gotta start it. You got a small taste of it. Gonna keep going?,Rabbit the One,1670714688.0,vWVzT3cH5XU,Youtube,0
"I worry and overthink every little thing, where can I get such superpowers?",Tessa Jung,1677343430.0,nubEgLuWFTM,Youtube,0
She said curly 🎉,Lakeria Smith,1674264297.0,WDymiiSfS4s,Youtube,0
I'd touch the burner for 100 lol,DKkurayami,1693441501.0,PGu2-QOfLBA,Youtube,0
I used to hoard items that I didn’t need until I stopped and I did that for 2 YEARS,Kreek,1689857964.0,QZYfVcw9gmU,Youtube,0
"I'm sorry, but what's this song?",Rainpop,1659967626.0,_dLWisnAySY,Youtube,0
Me with both ADHD and OCD😭,Rain,1671164548.0,GqgRCPs1bdo,Youtube,0
The furry pic is wild,@Tate0001,1681109016.0,2uE8YsXdloA,Youtube,-1
Beautiful hair ❤,Bug,1695754923.0,89Cl_G6OEFg,Youtube,0
Funny!,Jamie Turner,1693183535.0,WMlYOjBMoMQ,Youtube,0
All he needed is god😂,@leoleo-kp9lf,1681529889.0,2uE8YsXdloA,Youtube,-1
I have ordered sometime but not that much that you said my mind kill me if is not be even number sometime like  when I want go at upstairs I count that I go in even number,Taha Titan,1697773317.0,_MS_j7Ecc6k,Youtube,0
@follow Jesus how did he,Ariana GrandeVids,1690973050.0,H6DQDcgH9-o,Youtube,-1
that is me all the way…………… EXCEPT FOR TIME-,Sophie Greatway,1678172824.0,GqgRCPs1bdo,Youtube,0
Who is she?,Steve Stavos,1698434872.0,RC1919tTab0,Youtube,0
"To all the people who are like, “Wow, this sounds exactly like me”: please don’t self diagnose. The reason why you do all these things is most likely because almost everyone does these things. If you have real concerns, talk to a doctor about it.",Colin Xie,1658622896.0,MXAUwEVIL7E,Youtube,0
"Me: telling my asian parents I am depressed 
Asian parents: there is no such thing stoopid 
Me:  It is a thing
Asian parents: ARE YOU TALKING BACK TOO ME
*summons the chancla *
Me:  I wasn' t please I am sorry  have mercy",Riya Mistry,1658562673.0,MXAUwEVIL7E,Youtube,0
"When I was younger, I’d pray the same prayer every night for about a year and a half. At first, it started as like the average “Dear god, please protect my family. Amen.” Then it grew to me forcing myself to recite the same words every night, in the same order. After months of that, it became me saying the prayer 5 times every night and having to count to 15 before I let my hands release. If I didn’t do that before 12 am, I wouldn’t be able to fall asleep, or I thought something bad would happen, like my family dying or my house would catch on fire. The tapping on the wall reminded me of that.",NicoleGalss,1670763736.0,GqgRCPs1bdo,Youtube,0
I had a massive presentation that was worth 75% of my grade. We had to speak and look at our peers. I cried and had an anxiety attack before it was my turn. When I went everyone smiled and cheered me on. it's okay to be sick before any big event. Just know that at least one person is cheering you on! 🤍,aestheticpanda🌻,1673210186.0,2n-GS8LUddU,Youtube,0
You are criticizing the only reason you are here young fella!!!,Deejay,1667017517.0,BcKuX6TV1To,Youtube,0
Believing in a God is also insane.,John Davis,1674219758.0,ih_t7x9LYLE,Youtube,0
GOD BLESS this young King real Man,@beresthethrid536,1678553821.0,jSYT7raFRiI,Youtube,0
I mean I only had 4 cups of caffeine today and it's about 9:00 am,@Alex_Alonzo,1666247719.0,e4-NNSFIZNs,Youtube,0
I have OCD 😶,Jeffrey Gray,1670468382.0,GqgRCPs1bdo,Youtube,0
But I relate to Moana and Rapunzel,Randi Martini,1692048914.0,QZYfVcw9gmU,Youtube,0
I will continue to pray for your mental health and for you to recovery from your illness. God loves you and you are not a mistake. Your beautiful and are loved. God bless you Paris,Rochelle Woody,1674523935.0,Tyq492QJOkw,Youtube,0
Ye i have both,@ossegredosdeluna1600,1693683814.0,jqffqAJRRLY,Youtube,0
I have adhd it’s not that bad to have adhd for me I have the calm side and I can’t focus,Isabella Smith,1670929178.0,GqgRCPs1bdo,Youtube,0
i love this idea and i’m so happy that it works for you!! :),Quentin,1679660819.0,6RaXv-m8K9U,Youtube,0
She has ASD which is a Nero developmental condition. Her brain is so different but she just can’t speak. I also have ASD so im going off memory but if that’s unclear you can look it up too. Hope this helps,Faythe Ashton,1669615539.0,YqLwvkMPaYw,Youtube,0
I actually have ocd i did not know what it was called so now i guess more people have it cause i used to think i was a freak now i am glad that i am not the only one and i am 9yrs old so yea✨️❤❤💜💜💜,Madhura Raj,1671533654.0,GqgRCPs1bdo,Youtube,0
Beautiful little sweetie  ma shaa Allah,Ley_la 955,1665277733.0,-gCSzvsCWCU,Youtube,0
You're not alone.,Sharon Cook,1692040405.0,Tyq492QJOkw,Youtube,0
As someone with OCD this was amazing🥲,Swiftie13,1691001808.0,GqgRCPs1bdo,Youtube,0
"The keys to happiness are: something to do, something to love, and something to look forward to. A person who is apathetic has none of them.

That’s why it’s a awful, and debilitating state to be in.",TheThis TheThat,1661716939.0,62lcuqA1S6Q,Youtube,0
I know how it feels dear❤ Cheer up❤❤❤❤❤❤,Gin Tonic,1695393511.0,Tyq492QJOkw,Youtube,0
I understand we Gen Z are the problem but so are the parents tbh I mean wtf thank God I got Asian parents,Fazy Baby,1678013348.0,BcKuX6TV1To,Youtube,0
"Oliver Suever good to know, thanks!",MSEGirl,1674033398.0,Tyq492QJOkw,Youtube,0
If my teacher watched this,Angela,1687620484.0,2n-GS8LUddU,Youtube,0
@eric debord Closet gay,Primitive,1667062150.0,BcKuX6TV1To,Youtube,0
So accurate!,Conbon,1687570880.0,4e9-6N3ffFA,Youtube,0
What I want to give her a big hug . She is so beautiful and has beautiful hair. 🥰,M Fling,1672789113.0,-gCSzvsCWCU,Youtube,0
depression is curable. I so testify. It takes work and is VERY worth all that effort.,Karen Schroeder,1696663563.0,iiHAnwJo69g,Youtube,0
@The life of Redpandaexactly,Slippery,1672370224.0,-gCSzvsCWCU,Youtube,0
As someone who has ocd and adhd i can confirm this is true,Legobuilder430_Robloxchannel,1684890523.0,GqgRCPs1bdo,Youtube,0
"""Next One"" ☠️",Pierug AKA jabucho,1691767336.0,QZYfVcw9gmU,Youtube,0
Hold up. Hold up. This has changed my whole life.,I W,1673328449.0,6RaXv-m8K9U,Youtube,0
OK you need to understand that OCD isn’t just everything has to be even like the thought that would be going through your head if you actually had OCD wouldn’t be oh it’s not even number it would be oh I have to go back to sleep until it’s an even number or my mom is gonna die you know like,This...””guy,1685238740.0,GqgRCPs1bdo,Youtube,0
My nephew has autism he’s 8 years old. He could not for the life of him pay attention in school although he has excellent recall and memory. He’s been using the patches for 6 months now and his grades have gotten better in school. He’s gone from being an average student to above average.,Shaer Love,1666901160.0,-gCSzvsCWCU,Youtube,0
What’s with the chick with the camera and why is it relevant?,Blair Morris,1691664964.0,RC1919tTab0,Youtube,0
"MR BEAST WHERE YOU AT YOU GOT A CUTE LITTLE  FAVORITE CUSTOMER OVER HERE WHERE YOU AT MAN ?????
👇",Lamar&Dana😇😇,1674232808.0,WDymiiSfS4s,Youtube,0
Is he in a hospital it looks like one,Gabriella Grigoli,1689786874.0,l2KuxKGImMw,Youtube,0
I have social anxiety anxiety and separation anxiety 😢,Taylors_version.13,1686844196.0,b6WKN64k_mc,Youtube,0
Is this world or land cuz I don’t remember that when I went to Disneyland,I_like_fnaf_7_har,1679019757.0,lM25nX9ndoI,Youtube,0
"I’ve never been tested for autism or had any issues as a child but as i got older, now I’m having symptoms, any reason why i would though i probably don’t have autism?",aeixpii,1695353380.0,fz6dbtnwEi0,Youtube,0
Aww 🥰 what an amazing mama you are ❤,Polluelo’sLife,1670326851.0,-gCSzvsCWCU,Youtube,0
"I have been living that nightmare since I was 6 years old , being told by my own mother to grow a set after she had punched in the chest and knocked the wind out of me, and now she tells me I need to knock up some random girl because she wants grand kids. I quit dating in 2004 because being cheated on by 4 different women I had dated. Each one said it was because I was too emotional. after all of that I barely show any emotion to anyone.",Dustin Baker,1691755367.0,RC1919tTab0,Youtube,0
You all need father figures in your life. You look absolutely ridiculous wearing a dress with a damn beard,Nighttime Watcher,1689895910.0,BcKuX6TV1To,Youtube,0
Nice tattoos,Mattias Eriksson,1659326564.0,MXAUwEVIL7E,Youtube,0
"Thank you for sharing your family's journey 😊 Awareness and acceptance not only for parents, but society. Just going out in public with a child who can become overly stimulated and begin, crying or having outbursts , others can see and have more compassion for a parent whom they think the parent is just letting their child 'act out'  And new parents  that really don't know how to or what questions to ask?",Chameleon,1672202768.0,-gCSzvsCWCU,Youtube,0
Don't  mis understand  me.  I agree with  Candace.  The mental issue is being ignored.  For years now  these people are not offered any help at all.    Someone needs to make the Bidend give up some of those millions upon millions they have collected from our foreign enemy's!  Now that sounds like a great idea!!  They won't be able to spend all of that money. I 😂😂,@sandrametzler1946,1683548443.0,jWH4yjOP9JI,Youtube,0
❤,Iron Sonic,1685373448.0,Tyq492QJOkw,Youtube,0
I have OCD and the last one i get all the time,JANEY Harris,1698561944.0,GqgRCPs1bdo,Youtube,0
DO NOT SELF DIAGNOSE!!!! PLEASE SEE A MEDICAL PROFESSIONAL IF YOU THINK YOU HAVE ADHD🚨🚨🚨,Juli Grace,1698465363.0,PGu2-QOfLBA,Youtube,0
"isn't this executive dysfunction? which can be a symptom of adhd of course, though I have it too",maqy,1693857952.0,PGu2-QOfLBA,Youtube,0
Thank god she wasn't asking me i uave the notion from the back of my mind i cant resist especially when i know its on theirs something wrong with the way my mind works 😂,IronGrid,1684862407.0,PGu2-QOfLBA,Youtube,0
I mean ocd is pretty common,Ayansh singh,1690924290.0,QZYfVcw9gmU,Youtube,0
Hmm okay i see what your channel is about now you would rather blindly assume every man is this celestial being that deserves praise.. when that is far from the reality..,j 🃏,1693614549.0,RC1919tTab0,Youtube,0
Whoever said Alice had schizophrenia has clearly never tried shrooms,SeaRuxIAN STUDIOS,1692443795.0,QZYfVcw9gmU,Youtube,0
Remember if its toxic masculinity then feminity has to be ☢️ 😂,Zachary Hawley,1688788989.0,ZwO0rervo8o,Youtube,0
"Type #2 isn’t ADHD, that’s ADD, which the H that is removed stands for hyper active. I know cuz my brother has ADD",@ValkyriePlaysOfficial,1684551573.0,jqffqAJRRLY,Youtube,0
From a mum with 2 autistic kiddos this was also one of my first signs. And they still love it to this day,aimee mullen,1681904826.0,8_RK7jQrQbc,Youtube,0
Start Amazon FBA today 👉 https://aftermarketarbitrage.com,Aftermarket Arbitrage,1685454680.0,lPetf9_RGuw,Youtube,-1
Can u do bpd Next time❤,Havyn Sorrels,1670659015.0,_MS_j7Ecc6k,Youtube,0
Fr,Jordyn Vicaldo,1693162254.0,zGI4Ocz9XlU,Youtube,0
"I'm definitely the first 2 and maybe 3 and instead of a dinosaur 😅 im more like 🧚‍♀️ 😅❤ but all but 1, is in my head lol😂😅

Edit: I hope to buy your book soon ❤",Willmarie Girona,1687492188.0,4e9-6N3ffFA,Youtube,0
Precious baby...,Metro Pcs,1689204093.0,-gCSzvsCWCU,Youtube,0
Unfortunately for me it’s both,siyethemba Mazibuko,1676593293.0,ao9QHIrU3_Y,Youtube,0
"Jesus says there is a Cure...
God Bless You and your daughter",theannointed09,1666592302.0,-gCSzvsCWCU,Youtube,0
Bro yes thank you for actually showing real ocd and not just beat freaks,Butterfly 🦋🌙,1672368188.0,GqgRCPs1bdo,Youtube,0
Well I have ADHD and for some reason most people think I am talking about dog man,@Findmyselffine,1688719648.0,jqffqAJRRLY,Youtube,0
Me : Stop smoking that DIRT like a compose 😂😂😂,Solomon King,1683663920.0,wqBAohnacCk,Youtube,0
Can you do a video about HFA (high functioning autism) it would be so nice I've been subscribed for so long,Lens_edits,1658777482.0,MXAUwEVIL7E,Youtube,0
"I get it, I've not had years of sports like that but I have definitely learned to 'fall gracefully' 😂 too old to keep hurting myself",Capri Quarius,1687494055.0,4e9-6N3ffFA,Youtube,0
"You are so right. Maybe if she ordered food from Just Eat, she could persuade herself to eat something. Nibble. Anything at all.",Myrddin,1674366300.0,Tyq492QJOkw,Youtube,0
@GreenBeanTM she would also be like 7 feet tall proportionally,corneliastreet,1679549626.0,XvcxJpDmW1k,Youtube,0
i would be the worst mum cuz i would start crying too 😭,cultusfetus,1673963741.0,-gCSzvsCWCU,Youtube,0
I relate to Garfeild.,Hitbox97,1689180786.0,QZYfVcw9gmU,Youtube,0
i love the pistols,ARTURO_ROBLOX,1679483635.0,qt2Bpryqnv0,Youtube,0
I got both of those,LithuanianMapping,1685738804.0,b6WKN64k_mc,Youtube,0
Can a social anxiety person can be friends with another social anxiety person 🙃,-Rose-,1649621794.0,2n-GS8LUddU,Youtube,0
do i have ocd,destiny forster,1698612200.0,GqgRCPs1bdo,Youtube,0
Berne brown is awesome.  My sister is a psychology major and she is highly recommended !,jennifer br,1698637748.0,RC1919tTab0,Youtube,0
You got this queen keep on pushing,tj the Cookie Monster,1696756985.0,-gCSzvsCWCU,Youtube,0
Shut up,Undead Banditø,1691279635.0,iiHAnwJo69g,Youtube,0
Amen,Make Money with Timi,1695720736.0,-6BWao7HgE8,Youtube,-1
Exactly 💯 ME2,Lynn Davison,1661529668.0,jUF1K9rsh9o,Youtube,0
"First step: no vape 
Last step: throw vape away",@aidanshusko3248,1681799668.0,2uE8YsXdloA,Youtube,-1
She's so cute and precious,Rubystein Coppage,1665202999.0,-gCSzvsCWCU,Youtube,0
*STIM*,Almo,1682049676.0,8_RK7jQrQbc,Youtube,0
"DO NOT LISTEN TO ANY WOMEN TELLING YOU TO BE VULNERABLE, ITS A TRAP GENTS, BIG NATE SAID IT HIMSELF!!!",DIll,1692644090.0,RC1919tTab0,Youtube,0
i suffer with OCD. you couldn’t have described it better.,prowler,1674431341.0,GqgRCPs1bdo,Youtube,0
That's..... me.....,FxiryNix,1677785950.0,7FoFzYlQMpw,Youtube,0
😆😆😆😆😆😆😆,Marty Ruthenberg,1666906650.0,BcKuX6TV1To,Youtube,0
OCD is not that bad,Ethan Biz,1688092870.0,_MS_j7Ecc6k,Youtube,0
​@fairie soiree That's the age that most rinks start taking students.,Charlie 2.0,1681710000.0,8_RK7jQrQbc,Youtube,0
amen❤,@oliviatapscott2937,1693189322.0,OiARN50RBcQ,Youtube,-1
Did he just say “Chemical Depression?” 💀😂🤣,IamLoco,1694934793.0,UJLwNZ0tld0,Youtube,-1
Exactly how we feel,L1mm,1686351832.0,PGu2-QOfLBA,Youtube,0
omg- i have ocd i freacking forgot 🫣💀,Brxwnxxsxg3r,1671960631.0,GqgRCPs1bdo,Youtube,0
I have really bad ADHD and I have both I don’t zone out a lot when I have the 2 one but I cry and want to be left alone and a lot of people think “oh she doesn’t have ADHD she not hyper at all and super calm” when they don’t know the hole story,@Maskgirl_55,1701074157.0,jqffqAJRRLY,Youtube,0
Do british,FORTNITEBOSSMASTER6979,1683003813.0,2GHRJva4ixY,Youtube,0
"Finally, an actual correct one, the only way to cure anything matter of fact is going to god first 👍🏽",@iAmTribute,1681356823.0,2uE8YsXdloA,Youtube,-1
Little steps go a far way but this little step will help u too trust me ❤,Gacha Cloudxxx,1691524220.0,Tyq492QJOkw,Youtube,0
if mom gave me coke in middle school i won't be a such a loser now,Havi,1669938704.0,kYZtrLHUNLM,Youtube,0
"I’m bulimic, so I sort of understand you. Starving myself until I can’t, then I eat like I’m dying and feel so bad afterwards that I throw up everything until there’s only stomach acid left. I’m starting to get myself healthy though, telling my loved ones about my struggle and seeking profecionall help. Stay strong, sis❤ we’ll get through this darkness.",Liina Levinen,1690644390.0,Tyq492QJOkw,Youtube,0
I have ocd adhd and anxiety and it’s a living hell!!!,@luvXadelaide,1689918613.0,jqffqAJRRLY,Youtube,0
"Yes, there is a cure for autism. With the ""protocolo de desparasitación"". And trust God and ask for help Virgin Mary, mother of Jesus",Juan R,1666731238.0,-gCSzvsCWCU,Youtube,0
"Can we all just agree here, these pointing videos are really just attempts to avoid copyright infringement. You're stealing someone else's work, you're pointing at it, and you're adding absolutely nothing to the original video. That's why none of the comments are talking about you, they're talking about the work you stole. SMH",Tredsdert,1694798407.0,RC1919tTab0,Youtube,0
You must don’t have children and/or a child(ren) with Autism. Speak for yourself I’ll do anything in my power as a mom to make sure my child feel safe and comfortable!!!!,Chatterbox S,1667681095.0,-gCSzvsCWCU,Youtube,0
I do that same exact stim. I've done it all my life. I cut my hair off once just to see what it would be like and I absolutely lost it for weeks because my hair wasn't long enough to play with. it's just a tiny piece of hair but it is absolutely crucial to my emotional regulation and it looks like it's that way for her too. she's adorable and I hope her hair always brings her joy like mine does.,Dax P,1667576853.0,-gCSzvsCWCU,Youtube,0
"The thing is, generally, men won't open up to other men because in their own heads it makes them feel weak, and men don't open up to women because they get _made_ to feel weak. 

My ex told me all men sound like they're faking it when we cry. I've had a ton of shitty things said to me by older women and it's expected to just roll off my back because hey, I'm a man and I should have thick skin. When if I made similar comments about women I'd be a misogynist.

And I feel like I can't say ""hey can you not say that shit about men, objectify them, call us stupid, equate any flaws or mistakes down to being a man."" Without being told how hard it is to be a woman. Like yeah no shit. But it's swings and roundabouts. You can have both discussions independently from each other.",Owen Little,1693057020.0,RC1919tTab0,Youtube,0
Pov:you have both ADHD and OCD,Hanley,1674186980.0,GqgRCPs1bdo,Youtube,0
I do all of these things,Hannah Orr,1672266799.0,GqgRCPs1bdo,Youtube,0
I’m pretty sure I might have OCD 😢 not just from this video but I’ve been thinking this for a long time,Paper Blind bag,1698509526.0,GqgRCPs1bdo,Youtube,0
Why does that sound like me?,the gamemingk,1658544954.0,MXAUwEVIL7E,Youtube,0
When I get anxious when I get picked on to answer questions or performing in drama I feel rlly unwell,Lucy lemon🍋,1648673405.0,2n-GS8LUddU,Youtube,0
I have both with a little bit of autism,AVA,1698608722.0,GqgRCPs1bdo,Youtube,0
LOL. That's actually pretty funny @ChopWood_CarryWater. I got a chuckle from that.,Jamie Turner,1698287424.0,WMlYOjBMoMQ,Youtube,0
"Ummm… no, I’m fine",loading,1658629279.0,MXAUwEVIL7E,Youtube,0
"the glorification of the wrong things started long ago , gen z are just the end products, you dont have to agree with people beliefs or opinions, lifestyle etc, you dont have to be a dick to them either, ut they dont have to glorify it , they can live their lives without making it a big deal.....like said in this short, things are pushed to extremes hat is the issue here",benoit,1679857318.0,BcKuX6TV1To,Youtube,0
Thank you,Caline BRUNO,1685839538.0,Szew595ukwY,Youtube,-1
As an addict in recovery- who has formally been diagnosed with ADHD.. this made sooo much sense to me. Just wondering.. is he saying cocaine is recommended for me? 🤗,Natalie Lawrence,1670146464.0,kYZtrLHUNLM,Youtube,0
"Great job, Mommy. ❤❤❤💯✊",Naj Singhs - ASMR COOKING LIFE,1665149361.0,-gCSzvsCWCU,Youtube,0
my mum says I have OCD because I have to wash my hand 4 times and wait till an even number to do something-?,Keila Holsey,1671181741.0,GqgRCPs1bdo,Youtube,0
"There's also the ""forget walk"" where you have something to do or get in a room or place, get lost in your own thoughts, walk there, stop when you get to the target, and have no idea what you're even doing there. So then you stand there frozen and staring, with your dinosaur arms, hoping you're going to remember, but you probably wont.🥲",Katokatt,1687544427.0,4e9-6N3ffFA,Youtube,0
I have anxitey to and my life is so overwhelming and scary with anxitey,Jay Diggs,1687044522.0,b6WKN64k_mc,Youtube,0
Describes me perfectly...,BBQ DREW,1658556182.0,MXAUwEVIL7E,Youtube,0
"The daydreamer, It’s just fun to do",VHSTaper,1688967282.0,4e9-6N3ffFA,Youtube,0
So there's this thing I used to get as a kid whenever I had a fever called Alice in Wonderland syndrome and it's basically where you see stuff like that movie and it's very freaky you can search it up,A light in the attic,1690948236.0,QZYfVcw9gmU,Youtube,0
She is amazing ❤❤❤❤....,Visnja Siletic,1687605297.0,-gCSzvsCWCU,Youtube,0
"Because of this video, I now might think that I have OCD",Dark Flare,1674446758.0,GqgRCPs1bdo,Youtube,0
Bless her heart,Zaire love,1669273034.0,-gCSzvsCWCU,Youtube,0
Greatest mom award 🥰😊,Emile-Anne Ladubec,1696174767.0,-gCSzvsCWCU,Youtube,0
I haven’t had a personal experience of liking someone but when I imagine and make up characters or I watch tv shows or think about friends or other people’s relationships around me I get bored after they’re together,Atomic29,1691220627.0,ao9QHIrU3_Y,Youtube,0
Amen I needed this. Thank you,SoulShadow997,1668215464.0,Y83salNpzAo,Youtube,0
Looking at the green dot 100% oh wait is this red *looking at it* focusing on the green again *making sure * looking back again,nice day,1686365941.0,WMlYOjBMoMQ,Youtube,0
"@Doom Slayer THERE IS NO DIFFERENCE

He literally doesn't believe that depression EXISTS. IT IS THE SAME THING.
You are talking about ""having weight in an argument"" when YOUR ARGUMENT HAS ABSOLUTELY NO WEIGHT.
I Am quoting him the way he said it. The way everyone understands it and the WAY IT WAS SAID. The fact that HE personally doesn't believe in it is pointless and has no weight because he's pushing that same mindset onto losers without daddy like you.

If you seriously have no other argument than ""you quote someone wrong bla bla bla"" then please frick off and go suck on daddy Tates milkies",PeeteIsACutie,1668786535.0,3ePM7727_ug,Youtube,-1
"I have both but it annoys me that people only think that adhd is just
Can’t sit straight or
U have adhd cause ur annoying 
Like no it’s not",@YOURSLAYQUEEENXOXO,1698335260.0,jqffqAJRRLY,Youtube,0
I have always been a #2 got teased for it but idc 😂,Afros N Mimosas,1689542161.0,4e9-6N3ffFA,Youtube,0
Look at the state of this thing...wtf is going on?,Adam Massacre,1679840390.0,BcKuX6TV1To,Youtube,0
All of them but drugs im a fucking 10 yr old and i had/have depression for a long time so i have it,Loaf,1658582221.0,MXAUwEVIL7E,Youtube,0
"Uhh STAWP describing me 
Please—",Sxmix,1681097883.0,fz6dbtnwEi0,Youtube,0
Tell that to my pearnts.. who never loved me because of my adhd -  I was literally neglected- just because apparently I was a stupid brat- just because of my adhd mood swings- apparently I was adopted out of my family and onto the streets so that was fun- living my best life now-… in college-,Buffy ,1662100510.0,jUF1K9rsh9o,Youtube,0
"Yeah, you're not alone. I think it's the ""I don't have enough to occupy me so where are the edges of my body???"" Thing",Kelly Scanlon,1671425153.0,bCbnJrh_PLQ,Youtube,0
People who never eat dinner be like- 💀??,_sawxgy*nxtxlie_,1674327296.0,Tyq492QJOkw,Youtube,0
Me having adhd,Puffy vr creator,1680424672.0,GqgRCPs1bdo,Youtube,0
Adhd isnt esy to,loena fen,1697909455.0,GqgRCPs1bdo,Youtube,0
"I find coloring works really well for me. I listen to calm music, have a bunch of pages printed out already, and have plenty of colored pencils! It is interesting enough that I WANT to do it, but not mentally stimulating",@jamiewoods6799,1669605486.0,NyUNAfkjQGg,Youtube,0
My friend has OCD and I swear I want to watch her walk up and down the stairs for like five minutes straight. She would know how you feel.,Laura_sings,1698130905.0,GqgRCPs1bdo,Youtube,0
@@KatieKulichit seemed like you were trying to say something weird about God & now that I confronted you you’re saying “it’s just because it’s true” when you know there was no need to put that in your video.,@ChristCast777,1693710079.0,pXzHN2bvgJM,Youtube,0
I’m pretty sure you hav r to be diagnosed by the doctors (no hate$),addison_slay.,1666212954.0,_MS_j7Ecc6k,Youtube,0
💕💕💕,Ashley B.  ED Recovery Coach ,1675477924.0,d_HV3f1OThc,Youtube,0
Capitalizing on mental illness.... Really nice,Gilgalad,1689193083.0,4e9-6N3ffFA,Youtube,0
"@steffen wendt I'll forget when I'm told to do the dishes, I forget easily kinda annoys everyone",Ranger,1666436545.0,jEOgtLCKaCI,Youtube,0
​@one I use Doctor on Demand!,3vil_duckie77,1667161744.0,G-aQVbKfO4I,Youtube,0
Oh I have all of those and I’ve been diagnosed with anxiety so yeah,♡︎𝓲𝓽𝓼.𝓳𝓾𝓼𝓽.𝓓𝔂𝓵𝓪𝓷♥︎,1646638721.0,2n-GS8LUddU,Youtube,0
This is me. How do you get off the merry go round?,Genie,1693094760.0,LaVUX5bHz9Y,Youtube,0
Congratulations love....you are magical XoXoX,sarah bliss,1657670359.0,q7EYMLToHjE,Youtube,0
"Almost every man has experienced the blowback for showing vulnerability in front of a woman.

Our current zeitgeist of constantly telling men to be more emotionally vulnerable is setting them up for failure and it is harming their mental health... and if you don't care about that at least consider that it's robbing women of partners they would consider worthwhile.",Captain Robbie,1692468313.0,RC1919tTab0,Youtube,0
Thank You FATHER GOD for  Your mercy,Robby Phillips,1681359676.0,-6BWao7HgE8,Youtube,-1
Any Disney Princess's with ADHD?,VeryFruityBen,1690935505.0,QZYfVcw9gmU,Youtube,0
Okay so I don't have autism but I get those stomach things because I have like a lactose thing and I wear socks always in the house because there's parts of the house where the floor feels weird on my feet.😅,XxVanilla_TillyxX,1681184795.0,fz6dbtnwEi0,Youtube,0
i have ocd but im more a neat freak hu hu hu hu,athenas tocalife,1674838184.0,GqgRCPs1bdo,Youtube,0
"Nonsense, quite the opposite, time will tell.""",LOU JONES,1687467861.0,JGw_BzwtqtM,Youtube,0
I have ocd?!,Snazyy,1671040261.0,GqgRCPs1bdo,Youtube,0
im xurious whatssup with amanda,Misty,1692763605.0,RC1919tTab0,Youtube,0
Dammit i was seen,lunar oddity,1693177251.0,LaVUX5bHz9Y,Youtube,0
I just love Conner he his so sweet,K AY,1675322519.0,N9zEBD6ZcAw,Youtube,0
@Alan17same 🤣🤣🤣🤣🤣🤣🤣,Khensani Khoza,1688081459.0,wqBAohnacCk,Youtube,0
So does ADHD paralysis trick your brain into thinking you are in life-threatening danger when doing productive work?,Darrell Lim,1684458897.0,PGu2-QOfLBA,Youtube,0
Bruh why did I cry,Anelkia🌹,1694553652.0,89Cl_G6OEFg,Youtube,0
I have something like I need to do this in 5  seconds or I will die young,Big G,1671049738.0,_MS_j7Ecc6k,Youtube,0
mhn,Jessica,1659065156.0,_dLWisnAySY,Youtube,0
joker moment,Not A Koi,1670290742.0,vWVzT3cH5XU,Youtube,0
I just can't spin one time without being nauseous so that kid is definitely gifted despite his condition. You can make something out of this in sport field I guess.,Typical_snowflake,1683288032.0,8_RK7jQrQbc,Youtube,0
"THATS WHY I NEVER WAS ABLE TO CLEAN MY ROOM, OR DO MY HW",Oxygen,1693898284.0,PGu2-QOfLBA,Youtube,0
She's going to make it. She's doing so so well!!,Indica Blue,1669929163.0,YqLwvkMPaYw,Youtube,0
Do you think the gi is caused by only eating certain foods,Ghyggu1234,1696172658.0,fz6dbtnwEi0,Youtube,0
It's called demons possessions.,Jeffrey Kelsey,1680523743.0,BcKuX6TV1To,Youtube,0
Mine is a little of both,@Taylor-243,1695247788.0,jqffqAJRRLY,Youtube,0
i've got ocd,Sasha💕,1670750982.0,GqgRCPs1bdo,Youtube,0
"Short for self-stimulating. It's a repetitive thing we do that involves the senses. It's for different reasons and everyone has their own stims but it can help to soothe anxiety, to reduce overwhelming feelings by giving you a feeling you're familiar with and find comforting, or if you're craving sensory feedback. Playing with or pulling hair is a common one. I can't even stand to have my hair touched by anyone else so I can empathise with the little one here.",Sair G,1665634724.0,-gCSzvsCWCU,Youtube,0
Do retro collectors have ocd? That's what I thought.,LOVELY,1691179542.0,QZYfVcw9gmU,Youtube,0
My friend has ocd and anxiety and I’m worried for her she hasn’t left her room in 6 months and her parents don’t help her,Melody Girl,1682827424.0,GqgRCPs1bdo,Youtube,0
@Sudhanshu Sharma I think you mean based,Emily Davidson,1682219444.0,u1r43GNrtzA,Youtube,0
I have both 👍,YZ_playzz,1674515048.0,GqgRCPs1bdo,Youtube,0
What about Mulan and Merida??,Gooseknox,1690000988.0,QZYfVcw9gmU,Youtube,0
"I had a toxic anvironment at home wheere difficult conversation didn't happen when needed. Narcissist mother made a he'll for us and fawning and stepping on eggshels was the norm. No one believed in my increasing sadness and feelings of worthiness over time to the point I wished I wasn't born ot if I could go back in time. I was 13 with no friends. never really learned how to deal with people, how to work properly. Had to cope with expectations because ""they love you, don't they!?"" And to ""fight a lion everyday, life's tough"". I live with this feelings everyday and seeing people doing their everyday lives... it's not heartwarming at all. Is the answer making our own bubble and seeing only what makes us feel good in this highly connected world?
Anyway...I have little parameters as how to live healthy and be financially free. This content hits perfectly, suffering from this over 30years I confirm 😂",Leonardo Maltez,1692197443.0,iiHAnwJo69g,Youtube,0
Lmaooo that was me today with my bathroom hahah,Craft A Leif,1672916586.0,6RaXv-m8K9U,Youtube,0
I don't know what HD is but my doctor said i have 80 of them bitches,@XEG381,1692747461.0,Vn1S5EsD45o,Youtube,0
"Jesus said; ""If u love Me keep My Commandments"", so read this; We have to obey God's Ten Commandments, and keep the Sabbath Day Holy, not Sunday (day) but Sabbath Day on Saturday it's on the Seventh Day of the week amen amen and amen ❤.  The Sabbath Day for the people of God, so if you not belong to God then you don't need to keep the Sabbath Day Holy, amen..)))))",Boss Mass,1670441099.0,ki4Q-wVe3nM,Youtube,0
@Tammyy what did you say. that we aren’t twins because your the rat and I’m not I know. your a stanky rat.,it’s kent,1674155436.0,Tyq492QJOkw,Youtube,0
I have ocd and boy it’s hard even harder then this video,Babu Sha,1696470705.0,_MS_j7Ecc6k,Youtube,0
Generation W for weird.,JL,1677726595.0,BcKuX6TV1To,Youtube,0
Okay can someone tell me the name of the fidget toy in day 19?,YarningLia,1669074313.0,70FM7M62_TI,Youtube,0
So if you truly believe that you have demons you have to prove it scientifically. Then we can change.,ian mitchell,1682521795.0,Szew595ukwY,Youtube,-1
How the fuck did you just explain my life? 🥲,༒ཌℕoαHད༒,1663588308.0,MXAUwEVIL7E,Youtube,0
"You should try emetophobia as a video idea based on this, it's extremely difficult to handle. :(",MemesRUs,1666666832.0,_MS_j7Ecc6k,Youtube,0
Good. Early lesson in reality. Don’t forget it,Tweako Suave,1694333191.0,RC1919tTab0,Youtube,0
"Ngl…I thought that was just me being stupid, because no one else at my school does it and neither does anyone in my family. I did take a test for OCD once, I do have it, it just…never felt real. If you get it, you get it, I guess.",cgt212ify,1682298307.0,GqgRCPs1bdo,Youtube,0
"My mom was paranoid schizophrenic with manic depression.  I know what TRUE mental illness is.  
I get angry that people misuse the term mental illness to justify choices. 
It's seldom that I agree with Shapiro, but this time I do.",Deb Nelson,1672878109.0,ih_t7x9LYLE,Youtube,0
I have a mental illness but it’s neither one of those,Deku,1698448317.0,GqgRCPs1bdo,Youtube,0
Bro you don’t need to fast your perfect the way you areeeeee girl your perfect,Madison Danapilis,1684894957.0,Tyq492QJOkw,Youtube,0
"@tarod3those other religions aren’t rejected based on truths they tell, those are rejected because of untruths they spread. Big difference.",AmericanWithTheTruth,1692989886.0,RC1919tTab0,Youtube,0
Adhd is a disability not a mental illness,nervous_young_inhuman,1674172349.0,GqgRCPs1bdo,Youtube,0
@Omnipresent L cis men and crossdressing creeps can already be arrested in system with no potty bills,Russell H,1673223376.0,ih_t7x9LYLE,Youtube,0
"She will be okay, their s a cure by preying in z name of Jesus . I heard a mom giving  a testomony a bout a child been cure from Atizim , she will  be cure just believe in him. God bless u .",feven haile,1667582111.0,-gCSzvsCWCU,Youtube,0
I love that he has lots if room and plenty of opportunities to experience his spinning.,Robin Schwartz,1682232707.0,8_RK7jQrQbc,Youtube,0
"Funny, I have adhd, and still function, I have to force myself, yes, but being g an adult, you have to do things you don't want to do",iron catalyst.cs,1685924284.0,PGu2-QOfLBA,Youtube,0
my son. 7 suffers autism too unbelievable how many people redicule him even staff at drs surgery,Dienie Nienaber,1676119218.0,-gCSzvsCWCU,Youtube,0
"I couldn't agree more ... we suffer in silence. It's also definitely shame based - sadly 😔 
God Bless everyone 🙏❤🙌",Renee B 🏝,1691963964.0,iiHAnwJo69g,Youtube,0
I have engxiety it's HORRIBLE specially at school 😢😢😢😢,Isla Lucas,1693367612.0,b6WKN64k_mc,Youtube,0
Glad it was helpful to you. You're lucky! I've had it all my life ... but I've found ways to manage it.,Jamie Turner,1677829715.0,WMlYOjBMoMQ,Youtube,0
"So true. For me tho happily i have a mild form of anxiety, and for me i just like holding things when i live throughout my day, nothing to crazy.",clover,1666517254.0,FDJkQ1vD4IQ,Youtube,0
I'm pretty sure I have OCD.,chen (☆),1671394350.0,GqgRCPs1bdo,Youtube,0
couldn't be me having both 😔,Its_Ella ,1681531718.0,GqgRCPs1bdo,Youtube,0
"I agree with everything. My brain always sends these weird messages like, Hold ur breath for five seconds or ur mom dies.",My_fairy_mira,1670785617.0,GqgRCPs1bdo,Youtube,0
"Wow, did you learn that all by yourself?  Sarcasm",Timothy Taggart,1647077247.0,OCRKI5WYk6k,Youtube,0
I didnt know i had this 😂,Lia De Pauw,1697486826.0,GqgRCPs1bdo,Youtube,0
Has he ever tried Klonopin or Xanax or adivan for him because it works wonders,TrailerTrashBarbie,1679966776.0,1GPv1u9831I,Youtube,0
Seems to me this exact same claims were made 50 or 60 years ago regarding homosexuality.  Just askin ?,Cleve McHugh,1674723108.0,NYVsd7vtdR8,Youtube,0
"Sad to say, but Gen Z is a mental illness.",JE K,1666853426.0,BcKuX6TV1To,Youtube,0
I have ocd and finally someone says ocd is not a freaky for being so neat,I_DO_MANY_THING’S!,1672097353.0,GqgRCPs1bdo,Youtube,0
"Mikko has come so far in doing her hair. In the older videos 📹 Mikko cried a lot.
The crying 😢 has lessened now. They found ways to help her cope with doing her hair.
They have done an amazing job with hair care and wash day!",Chineze Ndukwe,1693463791.0,89Cl_G6OEFg,Youtube,0
I have ocd and I can’t control this feeling we’re I feel like something is watching me but I know it’s fake but I feel scared and I can’t stop it and I have this thing we’re I have to make every thing even :(,Flatduck Builds,1689573057.0,_MS_j7Ecc6k,Youtube,0
I have anxiety and sometimes when people say like stop like fidgeting or doing stuff that helps me cope I sometimes start to cry and then I have a breakdown,Serah,1664868580.0,b6WKN64k_mc,Youtube,0
Lesson learned never turn to god,@allahdoesntexists,1691089446.0,2uE8YsXdloA,Youtube,-1
"Also I love that people are saying get him ice skates, but because he spins right up on his toes, he would have so much trouble with ice skates. You have your toe stop in the very front",Anakin Skywalker3642,1682006821.0,8_RK7jQrQbc,Youtube,0
What is meant by 'stem'?,D'Jean The Queen,1676003212.0,-gCSzvsCWCU,Youtube,0
I have that shirt 🤩🤩🤩,Stacy Digby,1670798223.0,_MS_j7Ecc6k,Youtube,0
Amen 🙏🏽,Conchettatucker,1665942438.0,Y83salNpzAo,Youtube,0
Congratulations on 7M subscribers 💕🥳,NotNimiRoblox,1689887859.0,yHQv2pUungI,Youtube,0
yeah basically what I felt during that time when it felt loud in my head. I've turned the audio up quite loud to get the point across it's softer in the song :) Thanks for taking the time to watch and read my story,Genrebox,1692167065.0,jytc_QTsY4Q,Youtube,0
💯,Nikolai Bocherov,1666965137.0,BcKuX6TV1To,Youtube,0
I’m similar to all of them combined,Ty Sykora,1691377548.0,QZYfVcw9gmU,Youtube,0
Bro says we are hist gonna listen to a doctor because they said to but why would I listen to a influencer cuz he said to,slothbroth7,1665881894.0,sClf1AE5IlQ,Youtube,-1
So about Asian fishing it's a really interesting topic because I've been told I'm an Asian Fisher and it's because I did a cosplay of an anime character and I did classic anime makeup like you see in a lot of cosplayers I was 14 and it was Halloween but also in my regular day I like to where Sanrio shirts and shirts with Japanese words on them sorry it's got offends you I'm just being aesthetic,moomin.troll_,1689599570.0,HPc0nOxEmF0,Youtube,0
I have ocd I think because I thought I was just wierd,Kelly_Drawz_Dresses,1670557367.0,GqgRCPs1bdo,Youtube,0
"😂😂 Mikko be like: ""it's not giving what it was supposed to give""",Prince  Froggy,1685786486.0,8e8lN2GvYv0,Youtube,0
So what exactly did you pointing at the lady add to the video?,CMDRGrey1,1692454112.0,RC1919tTab0,Youtube,0
Tiktok= COO COO,LaVander Williams,1666963507.0,BcKuX6TV1To,Youtube,0
You start to notice all the little things. Autism is a combination of a lot of little things. She’s precious!,foxopossum,1666413672.0,-gCSzvsCWCU,Youtube,0
WHY AM I CRYING? WHEN I SAW HEr CRYING I STARteD CRYING OMG:') ur daughter is adorable by the way<33 She really takes after her mom you are really pretty!,mei,1677440045.0,-gCSzvsCWCU,Youtube,0
"Yeah, I have OCD and if I don’t do the things that my mind is telling me it bothers me the whole day 😕",MR.MUFFINS YT,1670744938.0,GqgRCPs1bdo,Youtube,0
we should support anyone whos having a hard time with any of that stuff and our insecurities make us who we are right now,Fizzy !,1686340234.0,a54ae-6r2wo,Youtube,0
I have anxiety and it’s not easy and I also have social anxiety I hate when people stare at me I just think that they’re judging me and that presentation is the worst everyone stares at you and feel that they are judging you,Keiko,1666480358.0,FDJkQ1vD4IQ,Youtube,0
Aw❤,Karrot Low,1676298627.0,sNmdOlHw9tA,Youtube,0
yeah,Mirian Rivera,1660877916.0,MXAUwEVIL7E,Youtube,0
And I thought I  was just being lazy,Guizhong,1694156871.0,PGu2-QOfLBA,Youtube,0
It means u always are so hyper,fatima shabbir,1682761222.0,GqgRCPs1bdo,Youtube,0
​@xobelladonnai feel sorry for your brother.,mr.ambush,1691481516.0,-gCSzvsCWCU,Youtube,0
I have OCD too and it’s hard,"Cora and my beautiful, handsome cat",1698430347.0,GqgRCPs1bdo,Youtube,0
I doubt he's more ignorant than you...,@bambooqueue9093,1665626039.0,hF9dLAw1boE,Youtube,-1
It will get better I promise,Sarellah,1674698887.0,QnCVCHKayOw,Youtube,0
Nice,@gischala,1685062040.0,XSICXA8LyFA,Youtube,0
I THINK I HAVE ADHD AND OCD 😭👍,💗 Wander Lust 💗,1698413021.0,GqgRCPs1bdo,Youtube,0
That's different,LovesRolopigeo,1692756144.0,3ePM7727_ug,Youtube,-1
"I think I have ocd then-
Cuz when ever a door closes I have to jump otherwise karma will happen",Faceless 🩷ッ,1671074905.0,GqgRCPs1bdo,Youtube,0
"Same, I've grown up with femoral rotation making my toes go inwards, so my brain has learned to overcompensate by catching myself really good lol",rs,1688280436.0,4e9-6N3ffFA,Youtube,0
Yes!!!!!,tara bloom,1671795455.0,ih_t7x9LYLE,Youtube,0
I can also relate to everything you said for example when my mind tells me to touch the table 8 times or else my friend dies,Zuhairsanrio,1680898711.0,GqgRCPs1bdo,Youtube,0
Absolute legend,@christopherpineda9124,1681687856.0,2uE8YsXdloA,Youtube,-1
i have ocd + adhd it's really hard to stay focused.,☆-୨Eunseo୧-☆,1687193899.0,GqgRCPs1bdo,Youtube,0
"Dont understand,why should antidepressant medications cause Apathy?",Douglas Han,1662554964.0,62lcuqA1S6Q,Youtube,0
@Bean! right? Like the 'essential oil' people.,Venom G,1666809667.0,-gCSzvsCWCU,Youtube,0
Blessings and healing sister. 🩷 Love you,EarthAngel KTTS222,1692168424.0,Tyq492QJOkw,Youtube,0
"Detox, Yah’ki Awakened Master Herbalist, Minister of Wellness, Medical Medium Anthony Williams.  Thankfully there are cures.",raw vibe,1666999848.0,-gCSzvsCWCU,Youtube,0
"So true!!!!!!! I love your channel so much, you help give me so much more confidence and see myself for who I am, not who I'm trying to be or think I should be and you've helped my happiness so much!!!!!!! I now smile looking at my perfect imperfections in the mirror instead of become ashamed of them ❤️❤️",Alexus Summers,1686531515.0,a54ae-6r2wo,Youtube,0
is there an autistic disney character,Sythe57,1691436782.0,QZYfVcw9gmU,Youtube,0
"I think Demon of Blasphemy is annoying me,,sometimes when my mind is too much filled with Blasphemy,, I think it's just an overthinking. I'm not sure if I really have this demon",Paulian Hauzel,1679318015.0,Szew595ukwY,Youtube,-1
I have ocd (not sd) and I can realte to ariel,Walter White,1690089398.0,QZYfVcw9gmU,Youtube,0
"you haters really think Joe is doin a great job? he has trouble with alot of words & gettin em out on many occasions, & thats ok , so his thinking isnt impaired ? its early stages of Alzheimer’s / dementia… thats ok tho right…? how bout the administration as a whole ? cmon people.",Philip,1688503489.0,JGw_BzwtqtM,Youtube,0
Honestly my parents make my life suck now,🩵Cori♡,1669106457.0,H5QI9xo1xOI,Youtube,0
wouldn't Alice in wonderland have Alice in wonderland syndrome?,Stubnxt_372,1690414682.0,QZYfVcw9gmU,Youtube,0
Ice water slows down adrenaline,@itzjustlexx,1683170362.0,Pnh7l_SiR_0,Youtube,0
I'm schizophrenic and alot of times I do experience and see the the things Alice saw 😶...,Ocean🦪Breeze,1690094954.0,QZYfVcw9gmU,Youtube,0
FIRST,Tango_kit,1676848103.0,HQjbKlb1mZk,Youtube,0
"Amen. Jesus Christ is Lord. I pray if you are not saved, that you are saved. That you believe.
That you believe that Jesus Christ (God's only son) died on the cross for our sins, so that whoever believes in him (as Our Lord And Savior) shall not perish, but have eternal life (paraphrasing John 3:16). Join us. Join me. Join God. Believe, and be saved, so that you might be in heaven with Our Lord when your time comes, and that I might see you in heaven. God loves you. Jesus loves you. I love you as a brother or sister in Christ. I pray we all grow closer to Our Lord. God bless and have a good day",@Rush-One,1697250557.0,EpNQyQ6FSo0,Youtube,0
And we have to be ok w it. Who said life was fair,salcity1,1690831789.0,RC1919tTab0,Youtube,0
so do i have ocd?,Purdy ,1671556876.0,GqgRCPs1bdo,Youtube,0
Do you have full episodes available?  I find all your videos so interesting and I would love to watch the whole thing,Kathryn Helfrich,1685789966.0,VLuoYiDExNM,Youtube,0
"My ADHD is too severe to sit there and do tapping, but I want to try..",Lizzy,1691382801.0,EwTOYpGK1Q8,Youtube,-1
"Everyone saying: “todays the day I found out I was depressed”
Jayus: it’s happens to people who’ve had depression for a while",ur mom,1658540024.0,MXAUwEVIL7E,Youtube,0
Ngl I used to have thoughts like this,PRG3,1671274718.0,GqgRCPs1bdo,Youtube,0
"Used to love smoking, now i smoke even 0.1 grams ill go into extreme panic mode, now the only time i can smoke without panicing is when im halfway down a bottle of liquour for some reason...",fadez avelli,1687338701.0,wqBAohnacCk,Youtube,0
Anxiety is my disorder,Cindy Robertson,1692502670.0,s18lVVyFLYk,Youtube,0
Lol I'm feeling attacked😅,▪︎ Parzival Wolf ▪︎,1658659428.0,MXAUwEVIL7E,Youtube,0
"Got a question for anyone who's willing to answer.
I've been dating this girl for about a month and a half now and it seems to be going ok. She's kind and sweet however we only get to see each other Friday nights and all day Saturday before one of us have to drive home.
Now that's fine it's been working out so far but here's what's bothering me. When we text or call it's always me who has to message or call her. If I don't I won't hear from her till the weekend and when I do text her it's always me asking how's your day been going and all that other stuff. She never asks me anything like that which is ok it's not too important but it wouldn't hurt to ask at least once or engage with me.
So the question is what should I do about this situation I'm in? Should I do nothing or what. I wanna say something but I don't wanna come off as needy or anything. What y'all think",Lovely Gamer,1674124361.0,erbXyUpLVus,Youtube,0
Since when is she a right wing person?,@Holyluckdan,1683584872.0,jWH4yjOP9JI,Youtube,0
Can u do ADHD next plz,Darkfeather,1674876305.0,GqgRCPs1bdo,Youtube,0
I might just have ocd,Mehgan2.0,1671475323.0,GqgRCPs1bdo,Youtube,0
this is what I do all the time if my mind tells me to do something otherwise my parent will die then I’ll do it,valerie,1670904918.0,GqgRCPs1bdo,Youtube,0
Beautiful that he is enjoying life and happy on his birthday ❤️❤️❤️❤️,Nikita Washington,1690252070.0,l2KuxKGImMw,Youtube,0
Nobody wants to listen or look,Biz Niz,1682219809.0,BcKuX6TV1To,Youtube,0
"I blame it on being a weeb for wearing a house shoes, plus I have OCD and Plantars Fascitis 😅",Macie Savage,1697963680.0,fz6dbtnwEi0,Youtube,0
spread the gospel of the lord,WHNC,1648826454.0,2n-GS8LUddU,Youtube,0
Peace ❤😇,@cindyhopesays,1693191697.0,OiARN50RBcQ,Youtube,-1
I do all of these (except drugs),Libbyyyy,1658578856.0,MXAUwEVIL7E,Youtube,0
There's a great men's mental health movement in Australia called Men's Sheds. Some women get very upset by them.,Michael Pilling,1689388432.0,ZwO0rervo8o,Youtube,0
I have  that =),Lou Boo,1652745897.0,2n-GS8LUddU,Youtube,0
"Than she saw a way to make more money for herself, so she studied men.",80sShred,1693800371.0,RC1919tTab0,Youtube,0
I swear to god I saw her on CP24💀(I might be wrong idk),ADHDMore_LikeADHPLS,1665275676.0,ao9QHIrU3_Y,Youtube,0
Dopey,Elliott Bailey,1691257193.0,QZYfVcw9gmU,Youtube,0
Wanting to talk and be someones friend for months and now you have 3 weeks till school ends-,BlindInLatin,1651476718.0,2n-GS8LUddU,Youtube,0
Looks like I have AHDH 😶,Bhanu Harshitha,1682810028.0,3QHBfE64LHU,Youtube,0
I regret waiting until my depression evolved into a much bigger problem (therefore making me low functioning) before I seek help,Kitten Mimi,1694967254.0,iiHAnwJo69g,Youtube,0
Great lesson! 🙏🙏🙏👍👍👍❤️❤️❤️,American ⚖️,1707182370.0,SAuWPHgEeqgi,Bitchute,0
"i'm the one that has a thought about every single thing around me ""oh that tree... and then that plant... and there's a crack there there and there""",tex,1694837514.0,4e9-6N3ffFA,Youtube,0
Making white characters black is a disorder,ShitStorm,1692543716.0,QZYfVcw9gmU,Youtube,0
"I went through a terrible fall out, (were talking horrible messages ect...) Every day now I have anxiety attacks at night about school that day, Panic attacks before I have to go to school, my mum showed me this video because she thinks I have it, if this is some of the symptoms (which I know are) then I probably have it. 

You helped me get through that fallout with some of your vids. Thanks alot!",swaggy.gracexo,1650187416.0,2n-GS8LUddU,Youtube,0
Thank you for a good representation of OCD. I actually have OCD myself and this made me happy to know not everyone thinks it’s just organization.,*Silver & Gacha*,1674769797.0,GqgRCPs1bdo,Youtube,0
"Yes but in this example your natural instinct is to not touch the stove because it will cause damage to you, but getting up off the couch... will not lead to you going to the ER",Bryce Kenny,1690670382.0,PGu2-QOfLBA,Youtube,0
Thank you,MagicWithThomas,1690095228.0,oKLJ41B0zGY,Youtube,0
"AHAHAHAHAHAHAHAHAHAHA That first one has me ROLLING. Also, that is me. 24/7. I bump into walls more often than I can count. lol Thank you for this <3",Erica,1697771617.0,4e9-6N3ffFA,Youtube,0
King,Federico,1667093627.0,BcKuX6TV1To,Youtube,0
My jaw dropped on how accurate this is to my depression,Perk,1658567782.0,MXAUwEVIL7E,Youtube,0
"Hey I love your videos, you are so gentle and empathetic with your daughter. But as an autistic person I would like to ask you to rethink the idea that autism is some sort of disease that needs curing. It is said with good intent but to someone who is autistic it feels like another reminder that we’re different and a burden. We cannot change our brain structures anymore than you can, but we’re still humans with like….. real sentience, and we are usually always constantly aware on some level that we make everything harder for everyone around us.",Garfield,1665112157.0,-gCSzvsCWCU,Youtube,0
Not a real thing. Just delusion.,BadHog,1684627992.0,PGu2-QOfLBA,Youtube,0
Vai avanti anima bella❤❤❤❤,Napul é,1691441076.0,Tyq492QJOkw,Youtube,0
So both me and my best friend have ADHD and he has what people call the “hyper” ADHD (number 1) and I have the “distracted” ADHD (number two) thank you for spreading awareness for people who can relate to these!,@reeseedits,1683319275.0,jqffqAJRRLY,Youtube,0
"I’m type one, it can be a f&$king nightmare",@Saint343,1690437157.0,jqffqAJRRLY,Youtube,0
"YESSSSSSSSSSSSSSSSSSSSSSSSSSSS!!!!
❤️",A Maciel,1685414291.0,a54ae-6r2wo,Youtube,0
Bc somewhere there might be one that's spending what they can't afford and have other issues they are dealing with. In this case a person does not have their excited sense bc I think unconsciously it goes against their beliefs.  They would prob prefer donating to places suffering famine.,Esther,1672996520.0,pBt9OAs3YaU,Youtube,0
"@Neokandi The Fanged or imagine if you are with all of the types of ADHD all of the types with impulsivity issues it’s literally I think one of the more severe cases that my psychiatrist I’ve seen like honestly I can’t stop myself from masturbating I can’t stop myself from doing anything I’m supposed to go to work. Everyone just keeps telling me and I do go. I go every single day but I can’t leave the house for some reason if there’s been trauma associated with like when I get it if I forgotten anything and I get to work and on my way to work, and I realize that I forgot the most annoying, obsessive nagging thought and feeling that I’ve ever had even though it’s the same every time it always feels like the worst feeling I’ve ever had for me all freaking day long and I hate dangerous because it’s always something where I am trying to get myself either either my vote is not tone or I’m trying to do something that I need to do for finances always there’s something that is most important and of most important and it depends solely on me and my motivation and it’s awful. It’s an awful feeling because I could never just have all my oh my ducks in a row never either I feel like shit and can’t get naked from my husband because I haven’t been working out or feel like shit because I can’t go outside because I haven’t been doing my face treatments and keeping up with my Botox. This is something every time and you as an individual I have to remember to do it right now. I have a freaking bladder infection because I can’t stop to drink water or make myself drink water debilitating I don’t get a vacation at work because I’m always late so I haven’t had a vacation or any personal time in over three years now. Waze always criticized all the time. Oh now if you don’t get at least 30 hours at work they’re gonna take all your personal time and all your vacation time and I’m gonna say I like it so easy to fixes need a vacation the whole year six months that if I take it in January, I usually have to use it to add to reach out because the checks are so little and 40 hours of bills, and the worst stress gets piled on the worst just gets added to this being the reason why we can’t survive the harder. It is to fix it it’s just like a catch 22 I have my whole life had this problem where I will literally cause myself to fail because I don’t believe that I can do something so I will just self sabotage always and I don’t know why I don’t know why I don’t believe in myself. I don’t know why I’ve never been able to do you know I always got good grades in school I think I was it response somewhere in there there’s always trauma related to it who is this feeling? This is that causes me to disconnect and then I can’t like relearn the connection in my brain. I literally have thought about getting hypnotized but then I worry that it did. it’s like an invitation for inviting evil spirits and you know already think that that’s why it’s bad as it is because I did drugs are so many years is self-medicating. I’m just worried to be better to be in a failure literally every day I try every day I feel I’m so tired I don’t wanna sleep because I was so what does that you know the cycle of the same over and over and over?",APRIL GROSVENOR,1686304889.0,PGu2-QOfLBA,Youtube,0
FAILED...... YOU ARE A FOOL.,chef sam,1686347083.0,JGw_BzwtqtM,Youtube,0
"@jenbailey5203no.  Not in the way that men care. They care so long as you are their workhorse.  Useful.  The minute things get uncomfortable they are all sour grapes.  

The truth is this. If wife and kids cared as you say , they wouldn’t spend money to begin with , to put you into the position of having to work so hard to keep them in a lavish lifestyle.  The care would happen before.  Not after he’s at a low point.",Putter Vids,1691083779.0,RC1919tTab0,Youtube,0
@@Allyson-365 ik thx,@Tristen-cantposted,1683495359.0,jqffqAJRRLY,Youtube,0
I know what you mean.,TJ Taylor,1672754921.0,-gCSzvsCWCU,Youtube,0
"As a fellow autistic person I thank you for learning about it rather than just thinking we act weirdly! Autism affects people in many ways, way more than just how they act! ❤",HoT cHoCoLaTe,1697518613.0,fz6dbtnwEi0,Youtube,0
I feel it.,𝐒𝐢𝐮𝐥𝐦𝐢_𝐳𝐩𝐭. Toca girl,1673219005.0,_MS_j7Ecc6k,Youtube,0
I like your glasses,Diamond doggyy,1658654709.0,MXAUwEVIL7E,Youtube,0
❤❤❤❤❤❤,inez Uzzell,1676432433.0,-gCSzvsCWCU,Youtube,0
facts.,Bianca Dedvukaj,1670566964.0,GqgRCPs1bdo,Youtube,0
"Don't set arbitrary rules. You're not a computer. I agree don't wallow in your own self pitty. But that means get out and seek help from loved ones that care.

I said what you always said, until I noticed I have my own limits and recovery time. Especially with burnout, it's difficult to manage burnout.

So don't be too hard on yourself, take as much time as you need. Just make sure to not sit in depression for the sake of it. Allow it to come, and then seek love and care. Accept and act. But usually when we ""feel ready"" differs from pwrson to person. And sometimes things are really hard and you need external help, you don't always feel ready when you're supposed to. 

We need to stop telling ourselves we are ""waisting"" time, or we are too weak. 

You are who you are, you are your only frame of reference. Don't compare yourself to others. Life isn't a race... Even when everyone screams at you it is.

Love and peace. ✌️☮️",lightGiver42,1663181511.0,H5QI9xo1xOI,Youtube,0
"@Milkshakey you're welcome, just what everyone needed to hear. It gets better, trust me. 💗",sanrio 🫶🏻,1674632560.0,GqgRCPs1bdo,Youtube,0
She is my spirit animal i swear. We would be besties 😂😂😂,malloryy,1676071144.0,erbXyUpLVus,Youtube,0
"⚡️⚡️ watch this video to help spread the gospel with me! 
https://youtu.be/Aa2IetMng9g",Ian Ross,1666402575.0,msZG1Cryu-c,Youtube,0
"As someone with ADHD, i can confirm this is very relatable

ADHD gang
👇",Astro_Cat,1676818995.0,3QHBfE64LHU,Youtube,0
"I dont wear house shoes, but that cuz my feet have heat sensitive. I hate my feet being confined. I usually end up walking on my toes to avoid as much dirt as possible on the ground",AgenArts,1682147038.0,fz6dbtnwEi0,Youtube,0
This is exactly how I feel everyday thanks for spreading it 😊,Frog ._.,1660309685.0,b6WKN64k_mc,Youtube,0
A little to fare this shit has run a muck literally out of control,perryjoe17,1667109639.0,BcKuX6TV1To,Youtube,0
She is so cute❤❤❤❤❤❤❤❤❤❤,Jada John,1665906338.0,-gCSzvsCWCU,Youtube,0
"Sleep better bros, testosterone increases during sleep",saloona_,1691243048.0,FRnLETy5TdA,Youtube,0
"Big Pharma make billion dollars on addictive drugs.The Church make nothing,they pay for the help.",Håkan Juhlin,1683867053.0,Szew595ukwY,Youtube,-1
She adorable,Melissa's Rainbows🌈 💐,1691212895.0,-gCSzvsCWCU,Youtube,0
Please detox that poor baby! Heavy metals cause allot of this.,Stacy Rutledge,1675074367.0,-gCSzvsCWCU,Youtube,0
This is truth ✝️,Jason Brufatto,1680227386.0,Szew595ukwY,Youtube,-1
How can you wear a man's stinky pajamas 🤢 all day 🤮,N S,1687649937.0,TpwGmyLf2Jk,Youtube,-1
"@complex Why did you stick around so long if you hate her? Sounds like a you problem, maybe don’t marry someone without living or knowing them before hand. It’s just money, freedom and sanity are better trade offs. Also alimony isn’t something that is just given to your spouse. You have to be together for a long time or have other reasons to receive it, such as being a stay at home parent to your children. My mom got it because she has been with him for 20+ years and ran half his business. She only gets 600$ a month while he makes 6 figures…",Allison Erica C,1694108002.0,RC1919tTab0,Youtube,0
"Here we go, all the self diagnosers 😟",Asa,1658661811.0,MXAUwEVIL7E,Youtube,0
Me,Sara Naeem,1658569479.0,MXAUwEVIL7E,Youtube,0
just realized i have ocd :D,Raven Wilde,1671193265.0,GqgRCPs1bdo,Youtube,0
This is true but both is me and I get made fun of sometimes but I usually don't care,@brook123,1690396436.0,jqffqAJRRLY,Youtube,0
🤦😂😂😂😎,@Gepetto.28,1677802388.0,qt2Bpryqnv0,Youtube,0
I really feel you,just chill,1670825222.0,GqgRCPs1bdo,Youtube,0
Wow I thought I was finally ok but I admit this is exactly what I've been feeling the last year😢,Lakeia Burgess,1697174631.0,iiHAnwJo69g,Youtube,0
What happened with your diagnosis?,WickedTomahawk,1698562523.0,PGu2-QOfLBA,Youtube,0
i love this it’s so sweet,PAYTON,1664858284.0,-gCSzvsCWCU,Youtube,0
Вырожденцы.,19 87,1681959688.0,BcKuX6TV1To,Youtube,0
"Alice had a dream, and the story was written by an autistic dude for kids because he preferred to hang out with kids than adults.",Aleksandra Makari,1692294697.0,QZYfVcw9gmU,Youtube,0
"Well shoot, I'm all those signs 😅",Miss Understood,1693092173.0,LaVUX5bHz9Y,Youtube,0
I never knew I had this disorder until now,Eylem Kati,1682947923.0,d9JVGzdcWRQ,Youtube,0
Hi I don’t want to be rude but how dose autism work I don’t want to be rude or anything,Froggy,1667037691.0,-gCSzvsCWCU,Youtube,0
"@RiverDoesTheThingbpd is a personality disorder. although personality and mood disorders are similar, there are key differences in actual behavior and motivation. but they can present similar symptoms (like depression, grandiosity during mania, anger issues)",420chuu,1693097791.0,jUF1K9rsh9o,Youtube,0
"Haven't had a relationship that lastet longer than 3 or 4 months until I broke up because it was so boring and lost feelings for them. I just gave up on relationships all together because of my anxiety and being afraid of getting in that ""damn now it's boring and I have to hurt that person by breaking up"" situation again 😅",emx,1666408307.0,ao9QHIrU3_Y,Youtube,0
You are amazing and you will always be amazing no matter what you go through #staystrong ❤,Sofie🩷you,1674020754.0,Tyq492QJOkw,Youtube,0
Do you all play the piano?,Valerie Complex,1683295017.0,2GHRJva4ixY,Youtube,0
Not the post for it,Catrainbows,1674133811.0,Tyq492QJOkw,Youtube,0
"Dr Julie , read ur bible 🙏🏻",SM,1694738783.0,LaVUX5bHz9Y,Youtube,0
Im starting to wonder if i have adhd more and more,MileoTheArtski,1675542590.0,erbXyUpLVus,Youtube,0
Don’t worry just keep going don’t stop you’ll make it love ❤❤,Imrana Quraishy,1674177257.0,Tyq492QJOkw,Youtube,0
"Me realizing I might have ocd from watching this
👁️👄👁️",cinnamon roll,1671013772.0,GqgRCPs1bdo,Youtube,0
When I was in a regular class (I’m now in a special Ed class) I’ve always gotten the same sheet of homework. I pretty much failed all my classes-,Olivia,1673789103.0,o7l9oVurnms,Youtube,0
I have ocd it sucks,ItMeLitaaa,1670945382.0,GqgRCPs1bdo,Youtube,0
Looks like lil mabu,@JaybellaBiondi-tf7wd,1690596955.0,2uE8YsXdloA,Youtube,-1
I wanna be his friend.he seem like positive vibes,celebrity gossip,1693892542.0,l2KuxKGImMw,Youtube,0
Wtf wrongs with him,Aidin,1668634857.0,BcKuX6TV1To,Youtube,0
Me being born no i choose both,YVONNE JAMES,1698684581.0,GqgRCPs1bdo,Youtube,0
This is sad,Moon_light,1665901734.0,XEARfmD4yHs,Youtube,0
I understand my sister is autistic,Millie Butcher,1665859815.0,-gCSzvsCWCU,Youtube,0
❤❤❤,Otilia Roman,1693434908.0,0I4leK5RS8g,Youtube,-1
🙋‍♀️,specificss,1677162898.0,GqgRCPs1bdo,Youtube,0
"Here's the thing... Women find men with vulnerabilities unattractive and not dependable. Yet when we do make ourselves strong and without vulnerabilities you see us an non empathetic and as toxic masculinity.

You want us to be dependable by ""manning up"" yet have vulnerabilities to be emotional with you, but you find it concerning that it's not masculine either.

When you do find one that is like that, you find someone who is a emotional wreck of a human being that's insane. Also reasons why women like bad guys. 

No judgment.",The Lonely Pigeon,1688517914.0,ZwO0rervo8o,Youtube,0
She's such a precious little girl she's so cute! It's harmless right now but I would watch her when she's older. My friend has autism as well and used his hair to stim and would twist this little tuft of his hair but eventually he accidentally pulled a huge chunk of his hair out from his head. Love your videos!,Flameco Chan,1674587854.0,-gCSzvsCWCU,Youtube,0
If i touch something with my right hand 2 times i always touch it with my left hand 2 times,ThunderPampers,1674675907.0,GqgRCPs1bdo,Youtube,0
What's most important now is for the fool to be declared ineligible to run for president.,David Tice,1688301404.0,JGw_BzwtqtM,Youtube,0
You’re gorgeous and you deserve to treat yourself better. It won’t get better until you fight back.,The Whole Cake,1674027354.0,Tyq492QJOkw,Youtube,0
U should not be G🙂,Dr.D Orno,1668818733.0,PpnNuWtjdwA,Youtube,0
I’ll never understand how someone so smart could believe in something so ridiculous as organized religion. He applies logic to everything he believes in except religion.,Mr.J,1679530226.0,6tTr9dn9bQc,Youtube,0
this is very relatable as my sister has those behaviours my parents dont seem to believe it but she does have OCD... we are still trying to find a cure from doctors since last week most of the doctors either dont have a cure or it is not effective.,ButterFlie,1671048439.0,GqgRCPs1bdo,Youtube,0
@Vincent Padovano ok,Cheetah shell☺︎,1689824898.0,lM25nX9ndoI,Youtube,0
A whole generation is kookoo,Ravel1299,1666919722.0,BcKuX6TV1To,Youtube,0
amen,George,1686449489.0,YEH73NCYX34,Youtube,0
"Yo, she just explained me, pog
5/5! I got 100%",CoalBee1126,1658727198.0,MXAUwEVIL7E,Youtube,0
Same…,ThatGuyDownTheBlock,1675061942.0,HpESXb-KXrU,Youtube,0
I'm so sorry ❤️‍🩹 u can do this,Hrny,1674056993.0,Tyq492QJOkw,Youtube,0
Laws should be in every state ... no drinking no smoking no gambling and no marijuana under the age of 21..but read on,Psm Tingley,1684245658.0,8g5shmI0bJ8,Youtube,0
Yall know Alice isn't even a disney princess,Best of the Beck,1689657970.0,QZYfVcw9gmU,Youtube,0
Amén !,Sonia Marshall,1675903928.0,ih_t7x9LYLE,Youtube,0
"Meanwhile I am autistic, preferably walk barefoot and will devour anything I am not allergic to that isnt spicy or contains cheese (I hate cheese). And everyone has gastrointestinal  issues. Literally everyone. I hate generalization.",Wooper loves BTS,1695941985.0,fz6dbtnwEi0,Youtube,0
Do sensory videos work,Orionis_,1664867710.0,-gCSzvsCWCU,Youtube,0
Me being Asian confused how you wear cloths to pretend to be asian,WerewolfxStoner,1689980816.0,HPc0nOxEmF0,Youtube,0
I just don’t go to school because they don’t take attendance (except labs). I study everything at home and I can tell you I just aced a bell ringer exam today ;),Momo from ATLA,1646343496.0,2n-GS8LUddU,Youtube,0
Paddy isnt my fav but what he said was on point,LMACK,1671360323.0,hqpJBhkFKcU,Youtube,0
"U CLEARLY haven't went thru it just because u saw others that have.  It's not JUST about weight coz no matter how much weight u lose, it's never enough!
U don't just stop coz u hit ur goal weight, so it's not about weight!!",Avery,1664271929.0,kzSiaYXuDaU,Youtube,0
i appreciate knowing i’m not the only one who makes whale sounds at my depression messes.,Maylien _,1672304942.0,6RaXv-m8K9U,Youtube,0
Please can you do ADD? thanks💕,Azeretis,1672108433.0,GqgRCPs1bdo,Youtube,0
I didn’t meet u or know who u are but I already know you are a very cute nice person love u keep on surviving u can do it love you-!!!,S͎k͎e͎l͎l͎y͎-͎C͎h͎a͎n͎,1674024397.0,Tyq492QJOkw,Youtube,0
"Antiwhite grievance robbery is not about the pretext. It's about victimizing White people who had nothing to do with the supposed grievance.<br><br>The antiwhite narrative that the West is setup to benefit Westernkind is fiction.<span class=""truncated""><br><br>Only White people are victimized by society. No exception.<br><br>Antiwhitism is the only evil that's legal because antiwhites are in control.</span> <span>[show&nbsp;more]</span>",,1694522721.0,F6012JACHo93,Bitchute,0
First of all Alice is not a princess and it was a dream and also none of them really correct because Ariel just likes the human world and Bell had many opportunities to escape even sometimes the beast supported it,Christina Virgilio,1689087324.0,QZYfVcw9gmU,Youtube,0
So true,Terry Sanders,1661317285.0,jUF1K9rsh9o,Youtube,0
"Already knew it, but Ive probably a mood disorder (bipolair) while I always thought it was just my ADHD. Kept telling myself, no no must be my adhd",Silke Lankveld,1698262817.0,jUF1K9rsh9o,Youtube,0
❤❤❤🙏💋💋💋🎉🥳,Char Vitale,1690006603.0,l2KuxKGImMw,Youtube,0
can you please tell me how to control this adhd?,yoongi-ah~😑,1670685601.0,GqgRCPs1bdo,Youtube,0
Oh i did not think of that. Yea its a good fucking idea to just stop being depressed how did i not think of that,@Lazykatsumi,1666210783.0,Y9vz81tot1c,Youtube,-1
"As someone who my brother quoted to his therapist saying, ""Well life isn't supposed to be fun. It's just getting through the day, every day, until one day it's finally over"" when I was 16.. yeah... Been feeling this my whole life.",EmoRainbow,1697533767.0,iiHAnwJo69g,Youtube,0
Right when my mom yelled at me I cried too ❤,Tina Valandingham,1697650322.0,XEARfmD4yHs,Youtube,0
"​, what about it? Biden is not the one being  investigated,",Fede car,1687971427.0,JGw_BzwtqtM,Youtube,0
Not the protest nod 🫢🫢,Ria Nadon,1679536931.0,8e8lN2GvYv0,Youtube,0
"Yes, it is not true that our brain can ""talk to us"", tell us to harm ourselves or do something else stupid, no, it is always another entity talking to you.",Niko Kapanen,1682694845.0,Szew595ukwY,Youtube,-1
Thank you for sharing this video,Susan Campos,1682418215.0,qCthXuL1yZU,Youtube,0
"You don't know this person, so you don't know whether or not her child has been diagnosed with anything. Why are you so quick to judge?",Makaroni,1667378553.0,-gCSzvsCWCU,Youtube,0
as a person with 6 mental disorders including anxeity it's very hard.,xyla cochran,1677736596.0,b6WKN64k_mc,Youtube,0
I get really irritated when I see people pick the dirt under their nails and bite their nails scraping any knee or something or having a bad bump on their head I don’t what it is tho,🐾moxie_<3,1686969750.0,fz6dbtnwEi0,Youtube,0
@Nintendo facts mhm,OfficiallyKiwi,1683595989.0,_MS_j7Ecc6k,Youtube,0
This is so relatable especially the last one I overthink everything and get scared and I just can’t control my thoughts but I’ve never been diagnosed with OCD,ShoeandCar Lover,1670850195.0,GqgRCPs1bdo,Youtube,0
Kinda seems like theyre just blinded by the options. I bet i could touch that stove.,EGS Samurai,1690339074.0,PGu2-QOfLBA,Youtube,0
Do they know that they are accursed? Satan is accursed. That would horrify me. They don't seem to care.,Lynn Ivey,1681423735.0,BcKuX6TV1To,Youtube,0
"@Endtherinbetween ☻ 😈 It really is difficult. It's a massive struggle. Then again, I do agree there are good things. I like being able to pay attention to the smaller things in life and hyperfixations",anya,1666752189.0,-gCSzvsCWCU,Youtube,0
"Just be warm it's the most easiest thing for doctors to miss diagnose since you have to be diagnosed preferably as a child. I was diagnose and I'm 22 I never ate sugarfood and I had bad focus having a soda or a cig helps lol. Plus if you also teach yourself how to focus it helps much more taking that initiative instead of using Adderall, Ritalin or concerta. Those medications are bad kids getting med checks for it once. Another cuase this medications can cause heart issues.",DeadlyGamer666,1673956252.0,kYZtrLHUNLM,Youtube,0
"true true. i have ADD and I’m a ytber, i try to make effort and detailed videos but I just rlly can’t. then I waste my storage, lol!",devil,1690585457.0,PGu2-QOfLBA,Youtube,0
"Idk if I have ocd, but I get intrusive thoughts like that all the time. For example, if I don't cover my whole body, including my head, with a blanket when I sleep, I won't be safe. When I was younger, I used to get intrusive thoughts about like, if I don't get up the basement stairs in ten seconds a monster will attack me. It's really hard.",clownii,1670829438.0,GqgRCPs1bdo,Youtube,0
But what if a person is allergic to shell fish like me???,Hibiscus7,1674072831.0,qCthXuL1yZU,Youtube,0
"​@Jodi Lennon actually most autistic people prefere to be call that. No im serious, there were polls that were made to test it. 

Most of us don't care, I'm sure there is some people that do but for the most part. We dont care.",Just an autistic nerd,1687077945.0,8_RK7jQrQbc,Youtube,0
Just meditate dawg,@sinic07,1698350281.0,2uE8YsXdloA,Youtube,-1
"Glad you’re here. You are light, you are grace, you are love & loved.",Why Not,1674479125.0,Tyq492QJOkw,Youtube,0
Yeah,Sport Facts,1688863033.0,OlM33xwZQbs,Youtube,0
"The young woman has value. Very beautiful and fertile by the looks of her. The young man has no value whatsoever. As far as all this mental health bullshit get over yourself. Life is a crapgame and you can die at any time. And by the way the government is your enemy. Your Taoiseach is a queer who sucks dicks and takes it up the ass. <span class=""truncated"">Where is the mental health in that? Pray to God and ask for guidance for he is the one who made you and has a purpose for you.</span> <span>[show&nbsp;more]</span>",ZedZardoz,1696996116.0,1DtV1h6qAj9t,Bitchute,0
I am kinda like that but on don't have ocd,iloveageldustheiscool,1671861246.0,GqgRCPs1bdo,Youtube,0
😂😂😂 man said hold up its my birthday go ahead go ahead hahaha love it !!!,Jo Brando Fishing,1690230305.0,l2KuxKGImMw,Youtube,0
The wall got licked 😭😭😂😂😂 lol😂😂😂😂,Stephanie Vazquez,1695080507.0,gmzX3R_fhrI,Youtube,0
I grew up in the seventies in England and I never heard of mental illness in society same with having anxiety I think it was called having butterflies in the stomach back then 😮,@shaunlincoln-roberts8270,1684933025.0,jWH4yjOP9JI,Youtube,0
Amen,Zell Dincht,1679323912.0,Szew595ukwY,Youtube,-1
Girl u got this push through it ur so brave ❤❤❤❤,bakedpotato🥔,1674122684.0,Tyq492QJOkw,Youtube,0
"I loved spinning and sitting upside down. I still do, especially if I'm at a playground, I'm a full adult and I'll still put my chest in the seat of the swing, spin it as far as it'll go and lift up my legs and let it swing all the way back in a circle. That shit is unmatched",courtnry salamone,1682655503.0,8_RK7jQrQbc,Youtube,0
"I think I have ADHD I’m not medically diagnosed but I have literally almost every symptom you talk about and occasionally during class I will get these random burst of ansyness (made up word) where I can’t stay still and then after about 30 minutes to and hour it will go away but it’s really annoying because I get really shaky and have to like let me hand just randomly scribble and have no clue what I’m even drawing it usually looks like a tornado like Literally a circle of scribbles (I’m not trying to self diagnose but that is just what I think, I’m not totally sure)",@kennedy594,1668675189.0,e4-NNSFIZNs,Youtube,0
"In the name of Jesus Christ, Amen 🙏  I hope to have a safe sleep tonight, God please watch over my family and our home.",Kali Kashmir,1664625370.0,Y83salNpzAo,Youtube,0
I wasnt expecting her to put that whole piece of fruit in her mouth🤦🏾‍♀️🤷🏾‍♀️😂,Erika Wright,1669186761.0,YqLwvkMPaYw,Youtube,0
I’m sending this to my mother. Love this.,Nikki,1684989522.0,PGu2-QOfLBA,Youtube,0
I took Tylenol PM every night while pregnant and my son is absolutely fine. Genetics might have something to do with Autism I don’t think Tylenol alone is able to cause autism,Estherrrr,1679364492.0,IlsEZLs1PUI,Youtube,-1
"I can say this with passion, FINALLY SOMEONE WHO DOESN’T POTRAY OCD AS “quirky and cute” or as being a “neat freak”. I suffer from OCD myself.. for me I don’t have compulsions but I have obsessive thoughts that tie to compulsive thoughts. This usually happens in social areas. A good example would be, say I was at the lunch table with my friends and one of them makes the slightest of an unhappy emotion.. I start thinking in my mind OVER and OVER again things like “Are they annoyed with me?” Or “Are they ok?” And then I repeatedly ask them these questions. It’s hard for me to live with this.. mostly because I haft to bear all the weight of anxieties. I also take on other people’s problems and make them mine.. not on purpose either or in any malicious ways. I just get so concerned I try my best to help others but I get caught up in it and it becomes a problem for me as well. But yeah, OCD isn’t just being a UWU kawaii neat freak.. it’s a serious condition that can impair someone’s ability to function.",YourAverageEverydayIdiotIsHere,1693636654.0,GqgRCPs1bdo,Youtube,0
I will try ❤🤲,pearl sky,1678331677.0,LRx8ldVnF4w,Youtube,0
Both❤,@gacha_death2558,1688006952.0,jqffqAJRRLY,Youtube,0
"Omg y’all I have this thing we’re I just doze off and maybe look at the wall or something it’s not really a condition or anything I just do it,and there has been multiple times where I would doze off and accidentally look at someone like I wasn’t looking at them cuz their hot (most of the time) but because it just happened and it’s so embarrassing when the LOOK BACK LIKE NOO",Uglybeach21,1646818926.0,2n-GS8LUddU,Youtube,0
*dizziness left the chat,Sussy squad,1681647453.0,8_RK7jQrQbc,Youtube,0
"Hyper fixating on new YouTube channels…
Bingeing new shows for a night (and never finishing it  )",@esthersteier6840,1666233954.0,e4-NNSFIZNs,Youtube,0
They probably shouldn’t get to vote either. Look at the damage that 18 yr olds do with votes.,Will Hewitt,1684266414.0,8g5shmI0bJ8,Youtube,0
"Thank you mighty and loving GOD, 🙏🙌❤, for your endless mercies, all round healing 🙏❤,   underserved kindness,  for watching over me and my family, and giving us peace ✌🙏❤♥like 👍🙏❤ a river,  and thank you Jehovah for being our peace ✌.",Eunice Temienor,1667758689.0,Y83salNpzAo,Youtube,0
I agree,Alex Timblin,1686300447.0,3lZiRXywXLY,Youtube,0
This happens to me a lot,FA-Team,1670905383.0,GqgRCPs1bdo,Youtube,0
I would kiss the burner for one hundo,Kaleb Prine,1684542302.0,PGu2-QOfLBA,Youtube,0
ويا ابني روح كمل حملة مقاطعة كل من يجرح مشاعر رسولك صلعم احسن🤣🤣🤣🤣🤣,Danial assyrian,1669501733.0,UJLwNZ0tld0,Youtube,-1
I had ocd when I was 10 like I hated odd numbers but I am cured now when I’m 11,Lavit Gaming,1671303750.0,GqgRCPs1bdo,Youtube,0
Okay  I love this😂,RussellSNC,1677833190.0,qt2Bpryqnv0,Youtube,0
Okay are you a mind reader,I'm Ebony 365,1698118765.0,ftnS5k1Exlk,Youtube,0
Its the INTERNET,Eda Ochangco,1691583988.0,HPc0nOxEmF0,Youtube,0
So most religious people... got it.,Confidently Unconfident,1696232942.0,xphnHCRgvOg,Youtube,0
Facts when I'm tripping out on too much shrooms or LSD lol,idkyoo,1684396054.0,waVltXLvwaU,Youtube,0
bella casually just describing all the things i do🤯🤯🤯 😥😥,Arsenic,1658694513.0,MXAUwEVIL7E,Youtube,0
l think l have OCD😢,🦊Paisley🦊,1698199180.0,GqgRCPs1bdo,Youtube,0
I really empathise with you. It must be so hard but I am glad that you have such a deep understanding of the condition.,JAMAICAN BUZZ,1669233820.0,-gCSzvsCWCU,Youtube,0
Pov: tiktokers about to fake disorders,PngTubers Suck 卐,1670990526.0,GqgRCPs1bdo,Youtube,0
My Dr prescribed dopamine & i couldn't take it it was like meth i couldn't sleep  & wired,Kathy Childress,1670045814.0,kYZtrLHUNLM,Youtube,0
Dr. Julie...you know me so well,Finn,1694521399.0,LaVUX5bHz9Y,Youtube,0
I hate being alone a lot . 🥺,Patrick Wentzell,1658942190.0,MXAUwEVIL7E,Youtube,0
Me exactly 💯,Cody Abrameit,1698397803.0,GqgRCPs1bdo,Youtube,0
Not him describing me 😢,Maddy_,1663582108.0,2n-GS8LUddU,Youtube,0
Just figure out I’m depressed,Material squirrel 897,1658638755.0,MXAUwEVIL7E,Youtube,0
Bro's been farming Mr beast for views like people farming technoblade.,King Ultimus,1682077451.0,u1r43GNrtzA,Youtube,0
I didn't knew that i had a OCD i thought that i am weird 😅,Sagar Verma,1671060513.0,GqgRCPs1bdo,Youtube,0
"Amen, and thank you for sharing this encouraging word! Psychiatric medications can cause severe dependence even in those with no addiction history. They can be extremely dangerous, hard, or impossible to come off of, even if the person isn’t abusing the drug. There are many people suffering immensely due to the side effects and withdrawal caused by these drugs. Sadly, they’re being over prescribed and used for longer periods than medically intended. Many on these psychotropic medications, including myself, will need supernatural healing to come off of them!",@lindsaygraham9115,1674773562.0,hB5cC5X39pM,Youtube,-1
"You can speak. But, we do not have to listen to it.",shaggy bear,1676425449.0,BcKuX6TV1To,Youtube,0
It was December 21 birthday. He went out to get his first alchohic drink!,☆Liz☆,1670751272.0,70FM7M62_TI,Youtube,0
She too cute,Mal gaming,1672966976.0,-gCSzvsCWCU,Youtube,0
"That was fun and a real indication of how much Mikko is progressing. Mum's face when Mikko repeated "" curly"" priceless 🤗 I love her willingness to try different tastes , some children would be so resistant. Great video.",Pamela Philip,1674038241.0,WDymiiSfS4s,Youtube,0
"Well guys, its time to return to the 1800’s mental treatments 😔",Jackson Bolt,1668334006.0,FjuelU1QMWY,Youtube,-1
Facts brother,Hezi Bird,1692770604.0,RC1919tTab0,Youtube,0
@follow Jesus yes because a prophet said I was prophet and seer,Ariana GrandeVids,1691031878.0,H6DQDcgH9-o,Youtube,-1
It's horrible,ThatOneWierdCatOnUtub3,1679291274.0,GqgRCPs1bdo,Youtube,0
Yes she knows that but as I’m prescribed with OCD it is sometimes like that,Amo,1698639622.0,GqgRCPs1bdo,Youtube,0
"“Brush your teeth or you’ll die” “do this or you’ll die” I knew I had ocd butI never knew that, that was apart of it!!",Seo-yeoung,1678241296.0,GqgRCPs1bdo,Youtube,0
OMG I have the same feeling as the second one I always have to make things perfect and when I try to avoid it bothers me I am grateful she made a vid like this ❤,Spice,1679884343.0,GqgRCPs1bdo,Youtube,0
When the teacher calls on me I panic😭Like I was spaced out and I'm scared to ask to her to repeat😥,what,1649554160.0,2n-GS8LUddU,Youtube,0
"@James Try microdosing psychedelics. They use it in therapy in some countries. There are a lot of ted-talks about microdosing, both by regular people who have tried it, and by professionals.",Twin Dolphin Playing in Aquarian Moonlight,1670158035.0,kYZtrLHUNLM,Youtube,0
I use to rock all day long it’s good to see he’s growing up without judgement,Cinnamon Roll,1681809112.0,8_RK7jQrQbc,Youtube,0
I had a bus evacuation drill a week ago so I’m always scared that something bad will happen to me I have dreams of where there is a fire and I run out and my mom or my dad or my dog doesn’t make it and you know what happens I’m not trying to make myself special or anything but I can relate,ItzLife,1666240121.0,b6WKN64k_mc,Youtube,0
"Groids shouldn't b hired for any job<time class=""edited"" data-original=""2022-09-02 22:46:25.408124+00:00"">Edited 2 years ago</time>",HiDDensee.lee,1662176771.0,J6cP7WT5aPWN,Bitchute,0
"""Because, i forget to put sugar into my bowl of milk and Cornfkakes, brothaar!"" 😭",Stop Ball Watching,1684698450.0,0I4leK5RS8g,Youtube,-1
……😂😂😂😂😂😂😂😂😂😂😂😂😂😂😂bruh,Chain,1674240949.0,WDymiiSfS4s,Youtube,0
Why half healthy half not?,Pancake Knight,1680892518.0,DPmkskPbsuI,Youtube,0
"I'm afraid to ask, but are there ways to recover without going to extremes?  I'm just so afraid of body changes and the pain that comes with it.. I can't even tell anyone about it, it's so scary and personal.  
Sorry if the question is inappropriate.  
I love your content and your determination, it makes me believe that there is always a good way out, thanks <3
(Also I used a translator so it might sound a bit wrong)",Kus,1668650914.0,DPmkskPbsuI,Youtube,0
WE DONT NEED TO HEAR YOU! JUST GO TO THE HOSPITALS !!😊,JoMiSh,1682007514.0,BcKuX6TV1To,Youtube,0
"He just hit the NAIL ON THE HEAD becouse all THES one bee men and women are following a TREND THEY LIE TO THEM SELF OR THE WANT TO HURT OUER KIEDS LIEK THE 2 TRANSGENDER MALES THAT RSPET ADOPTIT 9 YEAR OLD KIEDS, YOU ALL ARE SICK, YOU NEED GOD",Donald van Rensburg,1681974330.0,BcKuX6TV1To,Youtube,0
Breath air and get a six pack,@jjenniferelizabeth,1681542694.0,2uE8YsXdloA,Youtube,-1
I absolutely love this ❤🎉 Happy birthday Julian 🎂 🥳,Melissa Jordan,1690329133.0,l2KuxKGImMw,Youtube,0
@SevereSkillissue thank you,Jenna Lavena,1670612055.0,N4vwF8SFQlQ,Youtube,0
"I am very much a bumper car. This past week was particularly bad, both my arms have several small bruises at various stages of healing",Sharon oddlyenough,1690099301.0,4e9-6N3ffFA,Youtube,0
"Im doing biomedical treatments for my autism and it works. You can try it too, it’s not very expensive and there are no side effects.",Nancy Clark,1668872434.0,-gCSzvsCWCU,Youtube,0
Smartttt. I currently have depression kitchen and maybe this will do the trick :),Gracey Shaw,1673088463.0,6RaXv-m8K9U,Youtube,0
He was okay after the cut. It was getting hot and very long.,amimeow,1697403107.0,-gCSzvsCWCU,Youtube,0
If in hyper focusedim running I to every thing but normally I'm daydreaming.,28 stabwounds,1690944820.0,4e9-6N3ffFA,Youtube,0
You are the perfect mom for her,Dakota Fuller,1676930932.0,-gCSzvsCWCU,Youtube,0
Thank You So Fucking Much.,lilly ☆,1674451112.0,GqgRCPs1bdo,Youtube,0
He just told me that he has an ED how do I help him? Or what do I say 😔,𝒕̷𝒉̷𝒆̷𝒓̷𝒆̷𝒂̷𝒍̷𝒔̷𝒍̷𝒊̷𝒎̷𝒔̷𝒉̷𝒂̷𝒅̷𝒚̷,1684512421.0,_dLWisnAySY,Youtube,0
"Daydreamer!!
Bumpercar at home...",Tania Swain-Williams,1698105448.0,4e9-6N3ffFA,Youtube,0
I have ocd and this is very true!,Average yan sim enjoyer,1682491533.0,GqgRCPs1bdo,Youtube,0
"@Zoë Hjelm Not at all, and you perfectly demonstrate why I love our autistic brains so much. We say exactly what we mean - nowhere in my statement did I say sensory issues are easy or whatever you seem to have inferred. Read my words exactly as they are written and you will understand.",Elbeestevens,1667078115.0,-gCSzvsCWCU,Youtube,0
im all of em,Angeline Badillos,1690270769.0,4e9-6N3ffFA,Youtube,0
Give his mom an Oscar,R.Y_Faxx,1689886594.0,yHQv2pUungI,Youtube,0
Someone really close to me has anxiety and I want to help them as much I can. Anyone have anything that helps them that I can use to help my close person?,Dream Big,1690936288.0,b6WKN64k_mc,Youtube,0
Biden is also going to be impeached,chevycartman,1688491980.0,JGw_BzwtqtM,Youtube,0
Get the kid skates!!! Future figure skater :))),Evan Hansen,1681791192.0,8_RK7jQrQbc,Youtube,0
😊 I subbed,@CookieTheHamsterAndFriends,1692740982.0,Vn1S5EsD45o,Youtube,0
My anxiety is awful It’s hard to go to school for me because I have a random fear of fire drills (Ik it’s dumb I just rlly hate being startled) anyway I bit my nails like crazy and have crazy thoughts that my mind can’t stop thinking about,-Simply-Editz-,1666156758.0,b6WKN64k_mc,Youtube,0
"Why are all these accurate to me??? 

You stalking me 🤨🤔",{Teddy Shadows},1689886401.0,4e9-6N3ffFA,Youtube,0
"hey, i just wanted to say thank you for helping me start to think about whether what i’ve got going on right now is ADHD or not!",adaa,1661557100.0,jUF1K9rsh9o,Youtube,0
Why do I have those ‘do this specific thing or something terrible happens’ thoughts?,Marauder’s Map,1674868379.0,GqgRCPs1bdo,Youtube,0
I have a question can you have adhd and ocd both cause…,Catarina Amy Obatta,1678374008.0,GqgRCPs1bdo,Youtube,0
GOD BE WITH HER IN CHRIST JESUS MIGHTY NAME AMEN,PATRICIA DAVIS,1665044363.0,-gCSzvsCWCU,Youtube,0
Makeup,Zsófia Róka,1689290776.0,HPc0nOxEmF0,Youtube,0
My anxiety was so bad on the first day of school I couldn’t even ask to go to the bathroom and I couldn’t help it at all.,Aaronae Thompson ,1678671076.0,b6WKN64k_mc,Youtube,0
"Get Your Early Ticket I am the first:D
👇",assasindudeh,1689885744.0,yHQv2pUungI,Youtube,0
"I was biting my lips without realizing it, until I saw this video. There's marks on my lip. Was my anxiety.",Cláudia de Sá,1673106663.0,bCbnJrh_PLQ,Youtube,0
yeah better to stay in a mental hospital on 'happy pills' than in a ukroid trench getting shelled,December1991,1659253598.0,07mlgIC07fKZ,Bitchute,0
"⚡️⚡️ watch this video to help spread the gospel with me! 
https://youtu.be/Aa2IetMng9g",Ian Ross,1666402557.0,msZG1Cryu-c,Youtube,0
"​@Dot Cassilleshi Dot, hope you are well. I've been a crybaby since i was little... It has brought me much shame and i have saught out even more shameful ways to cope. I'm a Christian now so i am at peace moreso than ever however i work in a very draining job and i have gotten to this point now where i am feeling like a shell of myself and the tears come when im alone but i can no longer comfortably share the pain. Its hard to turn to loved ones when you know they cannot understand. I get serious anxiety attacks but i have to supress them for my job and it comes out through other symptoms of stress. I think a lot. I analyse the therapists 😅 i am a sensitive soul who is stuck in a cruel world. We can just appriciate the good days more because of that. Much love from South Africa 🇿🇦",Ashes to Ashes,1692047026.0,iiHAnwJo69g,Youtube,0
Fellowship is life . The lack of fellowship is death,Barry4B,1696764210.0,0I4leK5RS8g,Youtube,-1
I relate to Belle most (absolute book nerd) but Ariel is my fave.,Dnd_Nerd,1689274678.0,QZYfVcw9gmU,Youtube,0
Tysm Man,XenoZrain,1663688960.0,JNKntNB-6B8,Youtube,0
Wow I never knew I had OCD I do now I just thought I was weird,Isaiah Reinmiller,1674376943.0,GqgRCPs1bdo,Youtube,0
I was more of a TV guy. It actually could be fun to have conversations  with people on the tube.,Dr. Night Owl,1671697377.0,ih_t7x9LYLE,Youtube,0
😂,Farid Benali,1679837293.0,BcKuX6TV1To,Youtube,0
I have both,Yourgirl.where?,1685590402.0,GqgRCPs1bdo,Youtube,0
I have anxiety and the fact that she said oh that’s so easy really offended me I hope you don’t go through  anxiety,MEGAN -ROSE,1663893156.0,b6WKN64k_mc,Youtube,0
"So true. I work as a therapist, and lies from the enemy form the basis of every mental illness. Schizophrenia in particular is for sure demons. Even when there is a chemical imbalance in someone’s brain causing depression for example, you have to question well what caused that imbalance?",Lauryn White,1679292976.0,Szew595ukwY,Youtube,-1
Aw you look beautiful my sis did that but she got through it so you can to ❤🎉😊,Genevieve,1689950295.0,Tyq492QJOkw,Youtube,0
Pizza,@LlTERALLYHIM,1692795771.0,2uE8YsXdloA,Youtube,-1
I’m a mixture of all of those at once sooo yea that’s me walking when I’m bored,Laney Meyer,1690280831.0,4e9-6N3ffFA,Youtube,0
Girl I am sensing love and hope to you please be strong- when you want to give in just keep going I am so proud of you for trying and continuing to try,Momo,1674197560.0,Tyq492QJOkw,Youtube,0
I am both of them,@ilovemagalo,1693352279.0,jqffqAJRRLY,Youtube,0
. . .Do I have autism?,Neptune_CHeese,1683993831.0,fz6dbtnwEi0,Youtube,0
Wrong,Hunter_Abbas,1690150547.0,QZYfVcw9gmU,Youtube,0
And those people think that we are weird,THE DARK NUTSACK RETURNS,1648767510.0,2n-GS8LUddU,Youtube,0
Exactly. My ocd is intense forcing me to do stuff,Missjordanrp,1671576720.0,GqgRCPs1bdo,Youtube,0
I Rotter  make a men its what iam teaching my son be a men and be who you want to be but wen you wen a problems I help and listen and do what you need I want all my kids to feel always love and important no matter who they choose to be,Veronica Grimaldi,1693343855.0,RC1919tTab0,Youtube,0
Fun fact: most people with ADHD like me are both ❤😅😊😂😢🎉,@Pixthe_frogzgirl,1690413782.0,jqffqAJRRLY,Youtube,0
❤❤❤😊,Ruby Clark,1689748366.0,l2KuxKGImMw,Youtube,0
She’s so cute 🥰,Sadiki Davis,1665911007.0,-gCSzvsCWCU,Youtube,0
"Wow, Steve Bannon, when are you going to prison?",Nick Constantinidis,1687592877.0,JGw_BzwtqtM,Youtube,0
My partner is an elementary school teacher. The perfect partner who understands me. 🤗,Di Making it everyday,1652727345.0,R2O31GUYUfc,Youtube,0
Dude I'm a drug lover. I've noticed those with it and they do speed THEY SLOW DOWN they smoke pot and SPEED UP!!!! It's weird,DFKPITBULLKING,1670060127.0,kYZtrLHUNLM,Youtube,0
Bro just describe my whole life rn 😂,VibinVina,1679581547.0,2n-GS8LUddU,Youtube,0
"I have monophobia and that leads with anxiety
 if you're talkin to me it is not fun one time I cried so I got sick 🤢🤕 I trust my mom a lot and when I say a lot I need a lot 💗 but sometimes I cry so much I just forget what the point of living is and then I just feel like I failed life it's really weird but remember literally everybody has it😅",⭐salior_moon⭐,1690960937.0,b6WKN64k_mc,Youtube,0
I haVe aDhD and it is funnn I’m type 2,@jiuliabellinetti4154,1686009165.0,jqffqAJRRLY,Youtube,0
Awwww...too cute😊,hija de Dios,1680835813.0,aPpQgvZYToo,Youtube,0
Candace for president🎉🎉❤😊😊FJB,@jeffreythomas2787,1683523602.0,jWH4yjOP9JI,Youtube,0
Ok I know I will get some hate but I HATE GINNY,TotalDrama ,1689933315.0,zGI4Ocz9XlU,Youtube,0
"Yes, I survived Anorexia!! You need help!!",trish dodson,1676873674.0,Tyq492QJOkw,Youtube,0
Mom definitely has both sometimes! Thankfully it doesn't get to bad most the time!!,@gracephillips4193,1688891768.0,jqffqAJRRLY,Youtube,0
Amen🙏❤🙏🙏,Adnan Rehmat,1666167459.0,Y83salNpzAo,Youtube,0
😅,Darknesiya Eins,1670528749.0,vWVzT3cH5XU,Youtube,0
how is she still alive?,enlightened arsonist,1693520337.0,bd4AyyVJfSg,Youtube,0
"Fun fact: There is a neurological disorder that is extremely rare in the world called AIWS, full name being Alice in Wonderlamd Syndrome...
The disorder can be cause by multiple reasons, (you can google the causes) but the symptoms are basically, seeing or feeling everything to be an abnormal size, could be either large or small, including your own body, as for example, people with aiws could feel their leg is way too big or, way too small. Yet their body figure is normal. Maybe this is much of a fun fact..",xiomara lopez,1690076686.0,QZYfVcw9gmU,Youtube,0
"​@HyperSonicMissileso I can, I mean there are more heavier doses? I can literally take 56mg+10mg drink cup of coffee or two and go back to bed or sleep after lunch but still can't do work that's sooo overdue... But if I had to show or teach someone I might have done it already and wow that's so unrelated now...",bbrrraaapp,1697695084.0,PGu2-QOfLBA,Youtube,0
"after rewatching the video- many times. What I got to know is that
over thinking, being productive and eating a lot means ur depressed. 
Help",AyKacha,1658682922.0,MXAUwEVIL7E,Youtube,0
This made me cry.,rachiu,1697755464.0,gwlaME7KAz0,Youtube,0
Oh geez....so i have it....sad,CJ Animated OCs,1658738909.0,MXAUwEVIL7E,Youtube,0
I hate ADHD and being OCD,Kylie wasfound,1670899018.0,GqgRCPs1bdo,Youtube,0
yesss,alexK,1691378414.0,SsPFNgywqHQ,Youtube,0
"as an autistic individual, please y’all, just love us for who were are 🙃 we don’t need to be cured, we just need to be accepted and not seen as freaks because we don’t act or respond to things the same way as people without autism. i like the way i am, it’s other people with closed minds who have an issue.",Anna Rower,1687746354.0,-gCSzvsCWCU,Youtube,0
it lit says in the vid that they had a sugar daddy .. obviously they were getting their nice stuff from that,felix,1694365732.0,HPc0nOxEmF0,Youtube,0
"Awe. She is so precious. You are really doing a great job making her happy. I have watched your videos, moms could learn from you on the best way to handle a child, autistic  or not. Calm demeanor, loving touch.",Vicki Bednar,1679194521.0,-gCSzvsCWCU,Youtube,0
@Anjali Bhandare ...patha nahee...iska medicine or treatment bhe nahe...lekin awareness abhi abhi bhad Raha hei...hindu newspaper and Indian express mei bhee aaya.....can't share with parents...even if we share they can't understand...bahut lonely feel ho Raha hei ....abhi 25 years age mein aise hua tho....future ke baare mein sochke bahut bhayanak feeling aa raha hei,game changer,1656145388.0,k1cy8GafMCw,Youtube,0
As a figure skater myself: he has what it takes!,Babi Borges,1681663085.0,8_RK7jQrQbc,Youtube,0
"Violets are grey
Roses are red
I likeked my own comment
Because no one will today












EDIT:mom im famous",cameron shurmer,1698625074.0,GqgRCPs1bdo,Youtube,0
THANK YOU!!! I’ve been trying to explain this for years.,Colleen O'Hare,1692213650.0,PGu2-QOfLBA,Youtube,0
I godamn relate to this..,Dono,1670142663.0,2n-GS8LUddU,Youtube,0
I finally got diagnosed with autism after living with it for years. It explained so much about the way I do things. Though I would like to know how you reacted when you learned about it. Half of my family is in denial and the other half has accepted it. Which one were you?,ℍ𝕠𝕥𝕞𝕖𝕤𝕤&𝔹𝕝𝕖𝕤𝕤𝕖𝕕 𝔼𝕩𝕡𝕣𝕖𝕤𝕤,1681841815.0,8_RK7jQrQbc,Youtube,0
Your so patience,"Mind your own Business, please",1665464535.0,-gCSzvsCWCU,Youtube,0
❤,Linda Nina,1688661959.0,sN3Cp_fuIlo,Youtube,0
"It can be, but it’s important to take little steps and make them in a controlled environment. Occupational therapy has been a great tool for me in learning to cope with sensory input I didn’t use to be able to tolerate, but I couldn’t achieve the same results by just tearing off my headphones in a busy airport.",No One In Particular,1668673888.0,-gCSzvsCWCU,Youtube,0
"I literally am the same, except for the last one.",Schmungobb Official,1681235443.0,fz6dbtnwEi0,Youtube,0
I was told over and over again I had a million different disorders. . My god 😢 stop forcing and confusing people at such a young young YOUNG AGE!!,@brittneeparker3370,1683536468.0,jWH4yjOP9JI,Youtube,0
I relate to big hero 6,ghosty-ghost,1691581515.0,QZYfVcw9gmU,Youtube,0
"The guy with the lipstick on says it’s not fragile, riiiiiiight.",Dennise C,1667098174.0,BcKuX6TV1To,Youtube,0
And the WOMAN is saying this stuff about MENs mental health,MeatyBallz,1688431982.0,ZwO0rervo8o,Youtube,0
The man’s a complete legend I don’t care what anyone says,@SIMON2500065,1679355689.0,jSYT7raFRiI,Youtube,0
Do PTSD :),ToastysRandoms,1671243861.0,GqgRCPs1bdo,Youtube,0
Pretty sure Alice is off the percs,Elmarcus,1690622232.0,QZYfVcw9gmU,Youtube,0
"Ben seems so amazing such simple truths are questioned. They are unable to solve simple problems. Just look at what God made you, boy or girl. This is simple and beyond that mentally ill.",S. Marten,1671596642.0,ih_t7x9LYLE,Youtube,0
I didn't even know I had ocd...,ur_fav_cake,1683863605.0,GqgRCPs1bdo,Youtube,0
"All the friends of Chris including MrBeast, Chandler, Karl and Nolan were supportive with his choice, Chris himself said it on an Twitter comment, also, MrBeast said on Twitter: ""this transphobia is starting to piss me off"", and said he's totally fine with Chris and in fact Jimmy was the first person to know Chris was trans, because Chris told him first.
In conclusion, please respect people's choices, it's not your body, if he's happy this way then what's your problem?

Other facts:
- He divorced his wife almost a year ago, before he became trans.
- He has the custody of his kid Tucker, and he has an entire agenda full of activities with him, dedicated to him, he loves his son as any parent/mother would, you can see in their social media images of both having fun and being happy.
- Chris left the closet at 16 years old as bisexual, his wife and his friends knew about this as well, Chris was bisexual before he even met Karl, so stop with the cringe conspiracy theories about Karl, btw Karl is asexual.
- No one cared about Chris's breakup till he became trans, what a coincidence. Now that he became trans everyone apparently suddenly cares about his wife saying ""he abandoned his wife"", but everyone was quiet about it a year ago, that's how you identify transphobia.
- Lot of people is justifying their transphobia with religion, from Islamic to Christianity, that screams out loud ""My religion is transphobic."", while your sacred book says it's a peaceful religion and a religion of love, you are giving a bad image to your own beliefs, you will go to hell unlike Chris who is trying to be happy with his kid, taking care of him as any loving parent.
I don't want to generalize in this point, as I understand not all religious people are extremists who thinks ""Allah"" or ""God"" wants trans people to die, which clearly is wrong, so I'm talking about extremists, not about everyone who follows any religion.
- And finally, there are more than 2 genders, look up on Google the differences between sex, gender, orientation and gender identity.
Chris is a trans non-binary person, below you can see.
Sex: Male (Sex is biological)
Gender: Non-binary (I think he said he was non-binary, he doesn't identify as a woman.)
Orientation: Bisexual
Gender Identity: Transexual.

^ Everything I stated on that point are FACTS, scientifically FACTS, not my opinion, science supports that genders are a social construct and in fact there are more than 2, people just confuse it with the biological sex, a trans person is aware of how they were born, more aware than all of us, when they say they are male/female they talk about the gender, they are aware of the obvious, they know they were born a different way, they just don't feel like that anymore.

Again, just respect people's choices, thank you.",AlFdz,1682099367.0,u1r43GNrtzA,Youtube,0
She took mood swings to a whole new level...,Nettan Yonas,1690058388.0,yHQv2pUungI,Youtube,0
I wake up every morning and straight come to YouTube to watch videos rather than facing the reality. I think this is an indicator of slight depression. I need your book. 😭,Kanan,1647688144.0,4s-UDZwihbg,Youtube,0
"That is me and if you don't believe me. I could tell you a story, and then many more.",RuthPrime#137,1659491747.0,MXAUwEVIL7E,Youtube,0
"People in 1923:We will have flying cars in 2023!

People in 2023:Did you know that every Disney Princess represent a disorder?",Afrodita,1689353495.0,QZYfVcw9gmU,Youtube,0
"@fanOmry ah, i see.",existenceisrelative,1688561594.0,ZwO0rervo8o,Youtube,0
That's why we need to put crack back in Coke.,Refugio Villegas III,1670022004.0,kYZtrLHUNLM,Youtube,0
The sugar and caffeine addiction hitting a little too close to home with this one,@Lurker1322,1666250128.0,e4-NNSFIZNs,Youtube,0
thats called being upfront and respectful about it lol@D'vinity on Starmaker,ac Slater,1691851842.0,RC1919tTab0,Youtube,0
"Facts there...
34 now was diagnosed with depression at 13... life sucks, but hey we're alive.......",Dav Bing,1658691310.0,MXAUwEVIL7E,Youtube,0
💜💜,Winifred Harris,1674265700.0,WDymiiSfS4s,Youtube,0
"Yes I know how it feels 😢
I’m 12 years old and I rlly want you to remember that, you have a life to come back to 

Stay strong 💪",Bubalabas kitchen,1697759839.0,Tyq492QJOkw,Youtube,0
"Educated beyond their intelligence,",Clayton Peterson,1666878660.0,BcKuX6TV1To,Youtube,0
Um think I have this?maybe,N0t_Vi0l3tttt,1670996381.0,GqgRCPs1bdo,Youtube,0
Another term for this is “laziness.” 🤡🌎,Andru Keller,1689877845.0,PGu2-QOfLBA,Youtube,0
"I'm in this and I don't like it.
Seriously though, spot on.  Thanks, I hate that this describes my entire life.",@Mystik314,1677538288.0,e4-NNSFIZNs,Youtube,0
Why didn’t get I get to choose which mental issue I wanted 😾😾😾,Exocticxz,1681958212.0,GqgRCPs1bdo,Youtube,0
"""whats the time?""
""20% brake fluid.""",Tonka.J,1690881482.0,QZYfVcw9gmU,Youtube,0
What’s good for osteoarthritis?  I don’t want them operating on my knees!,Jay,1676106476.0,qCthXuL1yZU,Youtube,0
"Please I love you . 
You must eat. 
You are beautiful.
I believe in you. 
I am alone.
I feel you but I'm here and I care. All my love. ❤️❤️❤️❤️❤️❤️❤️❤️",Hefs CLEANING,1676415086.0,Tyq492QJOkw,Youtube,0
Me staying up all night thinking of how I could have said something better,Azaan Mirza,1651014402.0,2n-GS8LUddU,Youtube,0
I think I'm both,@ashleyandanime4815,1685359362.0,jqffqAJRRLY,Youtube,0
"@annette fournier do you have a Family Services in your area?
Sometimes they offee free counseling services or can refer you to some. Also, there might be clinics that can refer you to sliding scale services. 

What city are you in?",Jennine Morel,1694657785.0,LaVUX5bHz9Y,Youtube,0
I hate it absolutely hate it when people just say oh you’re just being dramatic know you don’t have anxiety because a lot of people don’t show their anxiety very much they just think about it in their head so people are like you’ve never shown any signs of anxiety and as a person with anxiety I can relate to this very much,Presley’s Life🦄,1663977959.0,b6WKN64k_mc,Youtube,0
Wtf is this???🤮🤮🤮,Make Live Again,1680297669.0,BcKuX6TV1To,Youtube,0
This is what my cousin does when she does her makeup but pretends she’s recording a yt video,Shawna leah,1673442627.0,6RaXv-m8K9U,Youtube,0
❤❤❤GOD BLESSINGS.. THIS IS A GOD MOMENT ❤,Quee,1689981321.0,l2KuxKGImMw,Youtube,0
Bruh Ill fucking damage my hand for no rewars if it was like 1m Id 100% do it,MoonKing,1684344574.0,PGu2-QOfLBA,Youtube,0
😂😂😂😂 🤮🤮🤮🤮🤮,isayithowiseeit,1690815293.0,Tyq492QJOkw,Youtube,0
True,Queen Scotia,1693178744.0,LaVUX5bHz9Y,Youtube,0
look at him xDDDDDDDDDDDDDDDDDDD,JcoopinNeWYork,1666456469.0,BcKuX6TV1To,Youtube,0
so you have any tips for anxiety attacks?,@tswizzlespizzle,1663898087.0,Pnh7l_SiR_0,Youtube,0
​@Vinyl :]thank you!,Overkill Blackjack,1691359589.0,RC1919tTab0,Youtube,0
I want to correct something some mood disorders (like the one im diagnosed with) can be triggered from events however the mood stays for awhile,Mystic,1661504270.0,jUF1K9rsh9o,Youtube,0
"I think the thought of trying to ask for help is hard. If you can get enough strength to ask for help, you will be happy you did afterwards. Love yourself enough to get the help!",Shellie Burkhardt,1646215452.0,2n-GS8LUddU,Youtube,0
For me I have OCD and I luv my numbers I’m always counting,Reneé,1698546681.0,GqgRCPs1bdo,Youtube,0
@ava berr yeah… I wouldn’t be so sure about that matey mate,dzh Baby,1698669652.0,RC1919tTab0,Youtube,0
Please do Adhd 🙏,Alexa🫀,1677136827.0,GqgRCPs1bdo,Youtube,0
"Gender dysphoria is a mental disorder, look it up. It's listed as a disorder by the American Psychiatric Association.  Pick up a book and learn something",Andrea McCrossen,1673720871.0,ih_t7x9LYLE,Youtube,0
"Umm, I thought I was slightly depressed, but I qualify in all of these areas. Like, she kinda described me. So I’m MAJORLY depressed I guess. I really didn’t know that.",PurpleRain14,1658620085.0,MXAUwEVIL7E,Youtube,0
"k, where can i get some coke?",--,1677737598.0,kYZtrLHUNLM,Youtube,0
I can relate to all of this so much!,Airplane_007,1681204501.0,GqgRCPs1bdo,Youtube,0
You're just being lazy,Garble,1689752099.0,PGu2-QOfLBA,Youtube,0
As domebody with BPD this is not entirely true. Triggers can cause mood swings and can last for short periods of time.,ColourDork2023,1661552813.0,jUF1K9rsh9o,Youtube,0
I have this and all of that’s true,@XxRosaleighxX,1666393018.0,6lc4sXrjTow,Youtube,0
Gotta get that kid on some ice skates,Blue bees,1681409501.0,8_RK7jQrQbc,Youtube,0
"My ex would often want me to be vulnerable & open. It took some time, but it happened nevertheless. Massive mistake. For her, it showed weakness, despite being each others best friends for years. She often used my vulnerabilities & honesty to twist situations or berate me. Absolutely no concept of compassion, she would scoff at any request. Even saying she isn’t my mother, and I am a grown man.
If you’re a young man reading this, take this from it..
Never open up to any women besides your mother, and find a women who loves you unconditionally like a mother.",Gdran32,1694620487.0,RC1919tTab0,Youtube,0
Damn damn dam,michael guerrero,1666910280.0,BcKuX6TV1To,Youtube,0
Yep have it 😢,Alexa Summers,1647140485.0,2n-GS8LUddU,Youtube,0
Please eat or you will die you are young and beautiful life is fabulous please 🥺,Carmen Santana,1676503421.0,Tyq492QJOkw,Youtube,0
"Me everyday: (idk why im like this😭) 
*Click*
Oh its one. 
*clicks again*
Ok. 
*accidentally taps*
Bruh
*taps again*
🔁",𓆩▀▄Ibby-Ann𓆪,1696612421.0,_MS_j7Ecc6k,Youtube,0
You described me wtf,Savage Indian,1678735961.0,xphnHCRgvOg,Youtube,0
"Me: *Relating with EVERYTHING she said*
""No... There's no way, right? ""

I think I'm depressed, and suppress it :(",🦋Hanako-Kun🦋,1661741209.0,MXAUwEVIL7E,Youtube,0
I have that,Tamsyn,1681334164.0,GqgRCPs1bdo,Youtube,0
I cant relate but never give up try your best I know your strong enough:DDD,hallyee,1668632055.0,Tyq492QJOkw,Youtube,0
You’re a good manipulator that’s all you are charging,Cristian Solis,1691045614.0,RC1919tTab0,Youtube,0
Kinda true,nugget,1690423516.0,4e9-6N3ffFA,Youtube,0
"To post on tiktoc that you have tourettes or schizophrenia and you are faking it. You are making it hard for those that actually have these mental illnesses or any type of disorder. These people are born or develop these disorder over time and are usually embarrassed about there condition. They don't do it for likes or to get attention, so don't make tiktocs about you faking certain illnesses. It's disgusting.",Audra Mayher,1682387128.0,BcKuX6TV1To,Youtube,0
SooooTHATS what's happens when I take cocaine 😂😆,stanley munro,1670185345.0,kYZtrLHUNLM,Youtube,0
Especially don't do meth and stimulants like Adderall or Ritalin. The disruption in normal sleep patterns will increase paranoia and manic thinking. Being on stimulants at all will trigger derealization and psychosis.,CJ,1655770730.0,Hxmb0Oa850A,Youtube,0
What a great and supportive family he has. You can tell he is very happy and surrounded by people that love him. This warms my heart.,Rob Mines,1691051297.0,l2KuxKGImMw,Youtube,0
"In the same way we can diagnosis being hard of sight as being different than having something in your eye, autism isn't a mood disorder, it's a developmental and social disorder. Many, not all, autistic child are CONSTANTLY overstimulated and self soothe, and that's not a neurotypical thing to do ALL THE TIME. That's the difference. A moody baby is moody sometimes, an autistic baby is autistic all the time.",Dinah Myte,1677035424.0,-gCSzvsCWCU,Youtube,0
Please do ADHD,Kaede ,1673931280.0,GqgRCPs1bdo,Youtube,0
Never forget Allah (SWT❤❤❤❤❤),euphbk._xx,1682039903.0,LRx8ldVnF4w,Youtube,0
Now I think I have ocd,Navda _Heart,1682835337.0,GqgRCPs1bdo,Youtube,0
❤❤❤️‍🔥❤️❤️,Detravious Anderson,1675800009.0,XBEyqLnZHw0,Youtube,0
"I do all of them at the same time. :,D",Vampirzaehnchen,1689334457.0,4e9-6N3ffFA,Youtube,0
I wish i was still high functioning. Would take not having support over not having a life,Anika,1697541207.0,iiHAnwJo69g,Youtube,0
Only if you have bad autism is it uncontrollable... Most people could learn how to not do this stuff,HK Gehts,1682531957.0,fz6dbtnwEi0,Youtube,0
exactly,sharon sellers,1679288419.0,Szew595ukwY,Youtube,-1
Hides the bag of peppermint patties by his bed as he binges every video the creator has ever made....ever.,@ethnobotanyboy,1667973272.0,e4-NNSFIZNs,Youtube,0
She's so amazing ..   She's getting so better at this.   You've set a shining example of such wonderfulness of being a mother ;)   Keep up the great work!!,Tipsy-Rose,1695133120.0,89Cl_G6OEFg,Youtube,0
She’s so cute even when she cries!,Dfender67,1666778952.0,-gCSzvsCWCU,Youtube,0
The psychologists who researched this are more useless then a McDonald’s ice cream machine,Arrowo,1691235741.0,QZYfVcw9gmU,Youtube,0
I tend to relate to both Elsa and Mulan,some athletic weeb,1690190552.0,QZYfVcw9gmU,Youtube,0
Yeah i probably have adhd ...,slowwduskk,1673300126.0,erbXyUpLVus,Youtube,0
"ALL SAME EXCEPT THE DRUG PART...
I GAME A LOT",Amaninder Singh Singh,1658613269.0,MXAUwEVIL7E,Youtube,0
IQ zombies follow the script 📖🧟‍♂️🔄,Pasta-B1FBA,1687395015.0,JGw_BzwtqtM,Youtube,0
Definitely... but I do it anyways cus I need friends,lara_collins3,1665280681.0,ao9QHIrU3_Y,Youtube,0
I enjoy cheese and other dairy products.,Cap’n sirka,1683921760.0,fz6dbtnwEi0,Youtube,0
Ain't this stuff normal lmao 😂,urmom,1671870739.0,GqgRCPs1bdo,Youtube,0
"So my family almost died from chemicals unknowingly living near a natural gas site. We never experienced this, what you are, until we were poisoned. These issues many experience may very likely be because of these colorless, odorless, synthetic compounds floating through all of us. We almost died so it was very obvious, its a lot less obviously in much lower concentrations. Which is why we noticed but almost no one knows. We're working on it.",N Northwest,1692476141.0,PGu2-QOfLBA,Youtube,0
"i blame tik tok honestly, its literally leading an entire generation in the wrong direction. Kinda agree to it getting banned in the US tbh, probably be good for every ones mental health as well.",freakundude,1678861937.0,BcKuX6TV1To,Youtube,0
"Same. Btw, respectfully, you're a handsome guy Stewart.","A.B.CREATOR art, life & love",1694555844.0,LaVUX5bHz9Y,Youtube,0
​@jenbailey5203that's hilarious. It doesn't happen that way.,Carmines Curse,1690811005.0,RC1919tTab0,Youtube,0
"Sadly, I have both",Anime lover🍡,1698622241.0,GqgRCPs1bdo,Youtube,0
People accept me for who I am,@SchizophrenicNYC,1686596315.0,L_I-7ltNZyE,Youtube,0
I’m an ocd and adhd person and sometimes some migraines happen to me. I’m okay tho bc I’m living my best life,FuntimeToasty,1689216753.0,QZYfVcw9gmU,Youtube,0
That's me...,potARTo,1649169407.0,2n-GS8LUddU,Youtube,0
"Where do ethics and self-will enter into this diagnosis?  I work with I.D.D. individuals with mental illnesses, and I understand disabilities. But I feel that many bi-polar and BPD individuals have more ability to choose behavior than is given to them (though I know they struggle).",Betsy Barnicle,1678653917.0,n5IEL3X1uqo,Youtube,0
"I feel called out. There is another: while listening to music ""playing"" the instruments and lipsync. The best part is I don't notice it half the time.",Alex Raczyńska,1690377906.0,4e9-6N3ffFA,Youtube,0
🤔,hairyfrog,1678401311.0,ao9QHIrU3_Y,Youtube,0
Shave ur face at least,angie adams,1666881518.0,BcKuX6TV1To,Youtube,0
I might have ocd I do all these thing and I always thought It was normal.,Kylie Romero,1680256302.0,GqgRCPs1bdo,Youtube,0
in the words of a wise man: “BREATHE AIR”,@waterisdelicious23,1681716010.0,2uE8YsXdloA,Youtube,-1
bro i got adhd and ocd its kinda fun,RobloxRaider,1684211219.0,GqgRCPs1bdo,Youtube,0
When I was little and went to the bathroom at night I was telling myself that I need to go back to my room in sec. like 20-30 or I will die.,Mel,1684593889.0,GqgRCPs1bdo,Youtube,0
this seems more like intellectual disability. either that or it's a satire cuz no ADHD looks like this,Didi Dada,1674904706.0,erbXyUpLVus,Youtube,0
uhhhh do i have ocd??? how many disorders do i have???,BriaMoon,1686719592.0,_MS_j7Ecc6k,Youtube,0
Why is it MAINLY 98% Dudes with this problem?,Sized Toaster0,1669145703.0,BcKuX6TV1To,Youtube,0
Happy birthday big guy!😊,Bike Channel,1689851305.0,l2KuxKGImMw,Youtube,0
I have OCD and this is so accurate.,Aimee Lawson,1685086408.0,GqgRCPs1bdo,Youtube,0
"I mean I don't know about it but 
There one annoying boy in my class he's 10 years I'm older than him like when I'm talking to my friends he's go through us and speaking English 
Like BRO YOU'RE MALAYSIAN LIKE HOW ARE YOU BEING LIKE A LIL KID MAYBE HE NEEDS TO LEARN SOME MANNERS 
SO MY FRIEND WRITE IT ON THE FLOOR LIKE YOU THE LITTLE ROCK THAT ARE WHITE ""LEARN SOME MANNERS IDIOT"" 
like it felt good tho",hyunlyz ★,1647966073.0,2n-GS8LUddU,Youtube,0
..i can relate,matching with lunchbox_friends,1691676481.0,b6WKN64k_mc,Youtube,0
"@Alan Armband he/she/it are pronouns, idiot. Do you never use those? What's it like being illiterate?",Solus,1676862303.0,Tyq492QJOkw,Youtube,0
WTF was that?,Cameron Scott,1677174157.0,BcKuX6TV1To,Youtube,0
You can get trough it even when times get rough,billie reidy,1682451148.0,GqgRCPs1bdo,Youtube,0
F*CK I CHOSE BOTH,TheMemeGodIsMe,1698460379.0,GqgRCPs1bdo,Youtube,0
I think it can be trauma based.,JackTastickk,1697858158.0,4e9-6N3ffFA,Youtube,0
Get a kitten,@sugarvr91,1691593215.0,2uE8YsXdloA,Youtube,-1
Said the butt boiiiii trapped by the gram.,John Meehan,1670703536.0,dw5BbcUSV4c,Youtube,-1
you bib not do 21,Amy Cobb,1668668857.0,70FM7M62_TI,Youtube,0
both of your beautiful souls shine bright ❤️,Alice,1666437377.0,-gCSzvsCWCU,Youtube,0
"It can be triggered by big life events like divorce, death, moving but I think this is more like- I stepped in something, my sock is wet, hair is getting in my face and look at this mess around me- breakdown crying 😂",M B,1679759511.0,jUF1K9rsh9o,Youtube,0
"Bruno from Encanto. The bad sibling, the one always at fault.",Who knows💀,1689389903.0,QZYfVcw9gmU,Youtube,0
Maybe you shouldn’t vape.,@luceefigueroa7472,1691262343.0,2uE8YsXdloA,Youtube,-1
"Ben doesn’t understand the meaning of mental illness. There’s an important component to it that it interrupts your life in a negative way that affects your ability to function as a capable adult. People with gender disphoria function perfectly fine as adults. It is a novel sort of condition, but it’s doesn’t cause disability.",Raquel Jacobs,1672994005.0,ih_t7x9LYLE,Youtube,0
That is NOT autism!,crosswalk,1686199673.0,8_RK7jQrQbc,Youtube,0
She is sooooooooooo cute,Siyana Ali,1676276490.0,-gCSzvsCWCU,Youtube,0
My bedroom is terrible. And I know it would take me less then an hr to do it. But that’s also the reason I don’t. Cause it will only take me an hr. So it’s not that bad so I could do it anytime. The things I tell myself… 🤦🏻‍♀️🤷🏻‍♀️,Amber Floyd,1673744783.0,6RaXv-m8K9U,Youtube,0
I have OCD and i didn't realize it until I saw this video.,kkul nurizz,1676904764.0,GqgRCPs1bdo,Youtube,0
I am all of them lol,Pocket Sized Satan,1688765679.0,4e9-6N3ffFA,Youtube,0
"Its fascinating to see how humans are capable of figuring out ways to soothe, to figure out how to quiet the beast. We have a lot to learn from those who are different. every last one of us has a purpose here; whether it is something really heroic like emergency medicine or fighting forest fires or something seemingly small like reading to children at a library. We all have something to learn from each other.",Tracie Williams,1681145801.0,8_RK7jQrQbc,Youtube,0
I have both…,*-👑Rebecca👑-*,1677034531.0,GqgRCPs1bdo,Youtube,0
"These is no cure buddy, it can get a bit better but getting it cured is not a possibility",°Zørø°,1688855414.0,-gCSzvsCWCU,Youtube,0
@Ash i mean they can but they r males so they shouldn't it is clear that they r very weak only females get these kind of thing (and yes i support andrew tate),ItzRuby.J,1674326909.0,Tyq492QJOkw,Youtube,0
The geologist with pockets of pretty rocks,Koshi Linx,1690829024.0,4e9-6N3ffFA,Youtube,0
Lmao the flippidy click on that chair 😂,NOPE.,1670498150.0,BQ7KlyhsQxE,Youtube,0
"I do the wall thing a lot, but not just the wall- during vball games, swimming, tests, etc. 😟😟",-meiii!-,1671180842.0,GqgRCPs1bdo,Youtube,0
@Acktopaf Oh I see you’re too dumb to comprehend what I’m saying,Super panda 1234,1684401190.0,PGu2-QOfLBA,Youtube,0
"Goh dayum, letting me know I'm not okay lol",Ricky C,1658711496.0,MXAUwEVIL7E,Youtube,0
"Well done! It was just a little thing, but you knew. What a good momma you are. I hope that every momma takes a note from you",Katie Chase,1667813300.0,-gCSzvsCWCU,Youtube,0
Sleeping beauty,Ha li,1689395237.0,QZYfVcw9gmU,Youtube,0
"Seriously, how tf is she still alive?",HeathenPatriot,1693567406.0,bd4AyyVJfSg,Youtube,0
"God bless you girl, I hope you get better soon! Remember, that you are beautiful the way you are. ❤️❤️💪",Nicky Yay :D,1674083668.0,Tyq492QJOkw,Youtube,0
"That's sweet but i think he's autistic, he doesn't have autism. Just to clarify from a fellow autistic. Happy birthday 🎂",Jazz,1689881356.0,l2KuxKGImMw,Youtube,0
"Deoression, it’s worse than you could ever imagine. Social Anxiety plus depression, imagine internally cutting yourself to pieces after you do or say anything then feeling stupid and horrible even if you did nothing wrong. That’s the tip of the iceberg.",Natalie Reid,1696904641.0,iiHAnwJo69g,Youtube,0
"I have so much trauma from being in a relationship with a woman with, until a week ago, undiagnosed ADHD.  I think I'm broken",Anthony,1651259325.0,R2O31GUYUfc,Youtube,0
Nick eh 30,MatthewHuggard,1685251911.0,Szew595ukwY,Youtube,-1
I’m like “ hold ur breath or * insert something bad* “,_.scara_x,1674441282.0,GqgRCPs1bdo,Youtube,0
"Not sure if you saw my comment.... What are your thoughts ? 

Check B vitamin levels. I'm not a doctor... But that's what I heard - take niacin for schizophrenia. Check for niacin deficiency... Go ahead and check for B12, homocysteine, and methylmalonic acid while you're at it. Check for gut issues too. Many neurotransmitters are made in the gut. 

Also check for the MTHFR gene mutation.",Off-Roading Explained,1683408148.0,Szew595ukwY,Youtube,-1
Yeah that's accurate,Squee6669,1695951747.0,RC1919tTab0,Youtube,0
​@double double cap'n crunch p,Sauti Sauti,1679057526.0,qt2Bpryqnv0,Youtube,0
"She doesnt spesk and shes too young.
Its her mom and she makes decisions until she is able to.",Katarina Belle,1672966839.0,-gCSzvsCWCU,Youtube,0
"I have ocd and many other like anxiety, depression, and PTSD. this is sadly true. :(",lilly ☆,1673262431.0,_MS_j7Ecc6k,Youtube,0
I think they are crazy lock them all up,Rachel Paz,1667198792.0,BcKuX6TV1To,Youtube,0
Could you do kleptomania next?,ToxicityVlogs,1675246188.0,GqgRCPs1bdo,Youtube,0
"@H.K Next video: diabetes isn't real. 
His uneducated followers : oh my god, he's so great!",K S,1677725464.0,3ePM7727_ug,Youtube,-1
"My whole life.  I ve always been a great student,  but liking a guy always helped me so much more ,",Barbie Blue,1665456095.0,ao9QHIrU3_Y,Youtube,0
Oops I did it again realized I’m depressed oh baby baby,CC_Rambles,1658656054.0,MXAUwEVIL7E,Youtube,0
AMEN,Julian Lara,1665043952.0,Y83salNpzAo,Youtube,0
"I'm pretty sure they use they/them, stay respectful. also, this drama happened about a year ago if not longer. don't pick up drama that was already solved. 
also, having a sugar daddy at 16 is more common than you think.",SabbyRahh,1689572534.0,HPc0nOxEmF0,Youtube,0
"that was me after covid, but all my “friends” just turned their back on me. I chose online because of my anxiety but I had to attend the last term, and it was horrible.",Alya Styles,1672652926.0,2n-GS8LUddU,Youtube,0
"I tried ignoring the fact that j have adhd, but come to realize how much it's actually affecting my life, my marraige and just my every day living in general.  I exploded the other day and just cried my eyes out,  everything just feels so much. I refuse to take adhd medications due to the side effects in the long run. Just wished people without adhd could see the struggles that us people with adhd have to face every single day.",Heidi Blackbeard,1651229517.0,R2O31GUYUfc,Youtube,0
"Because she wants attention
.",BooBitch,1691198852.0,HPc0nOxEmF0,Youtube,0
Ouuuuccchhhh,Amanda Forrester,1693077170.0,LaVUX5bHz9Y,Youtube,0
Her cry broke my heart😭,Charm Fox,1696006088.0,-gCSzvsCWCU,Youtube,0
I am like alice,cooldudehanguber,1689262383.0,QZYfVcw9gmU,Youtube,0
……,Bestie group challenges ,1682300145.0,GqgRCPs1bdo,Youtube,0
I’m a bit of both but mainly #2,@sunsetsaphire6458,1683540533.0,jqffqAJRRLY,Youtube,0
"Me :
But the most relatable one for me was the touch the wall, i also get like if i like get one side of my face wet i say like do the other side or this person dies",🥀hi,1675395559.0,GqgRCPs1bdo,Youtube,0
Happy Birthday,Amanda White,1689844908.0,l2KuxKGImMw,Youtube,0
"As an autistic person I am constantly playing the piano, please help my fingers are so tired and my mom is typing this.",Swedenball56,1684171160.0,2GHRJva4ixY,Youtube,0
You try again tomorrow…. And every day after that….    You got this ….  You can do it ❤️❤️❤️❤️❤️❤️,A Little Bit of Faith,1692490577.0,Tyq492QJOkw,Youtube,0
This is beautiful. (!) ☮️🌻🍀🍁 I have Asperger syndrome. I wish u all best. Youre amazing mother💟.,Myśl Odsiewnia,1665684680.0,-gCSzvsCWCU,Youtube,0
My personality so fucking rare I don't know what I have..m,Sweet♡,1637755794.0,w6G94lbYAmY,Youtube,0
"As a person with anxiety with possible ADHD and autism, I can relate :;(",-_Twilight Leafeon_-,1690856928.0,b6WKN64k_mc,Youtube,0
"Yes, they all need mental illness help",Jeanine Morgan,1677968612.0,BcKuX6TV1To,Youtube,0
Same,Orange,1693669037.0,fz6dbtnwEi0,Youtube,0
Oh - and you are not alone.,DigitalLogic,1688259215.0,Tyq492QJOkw,Youtube,0
"People who just realized they might have OCD😳
👇",Cantaloupe is delicious,1679970897.0,GqgRCPs1bdo,Youtube,0
@doomygoomy no it was schizophrenia bcs the book is based on a girl called alice and she has schizophrenia,Milk_BubbleTea,1690336030.0,QZYfVcw9gmU,Youtube,0
oh we get to choose our mental illnesses now! well i choose to not have adhd oh.. wait it.. doesn't work that way,Balls,1679058732.0,GqgRCPs1bdo,Youtube,0
"I'm convinced these are all impulses left over in our genome from when we were apeish.   

Something in those Percy Jackson movies that always resonated with me, a quote that I can hardly remember but the premise stayed with me;  ""They call you hyperactive and unfocused, they scoff at you for not being able to sit still and stare at pages or whiteboards.  It's because in your blood you have warrior instincts, leftover genetic coding from your ancestors which kept them alive on the battlefields.  Always moving, always shifting focus, detached and obsevant; these are the traits of a warrior and a survivor.  The issue comes when there's no room for these instincts in this modern world""     or something like that?


Being diagnosed with Autism and ADD and ADHD at a young age it's been an uphill struggle feeling a sense of belonging in this tired, yet rushing world.",JackSnipe James,1689314644.0,4e9-6N3ffFA,Youtube,0
Agreed man. This was a great message of his,LMACK,1669200263.0,hqpJBhkFKcU,Youtube,0
aint no way he was a furry LOL,@user-df8yd5sr1j,1681640655.0,2uE8YsXdloA,Youtube,-1
@chaoticfantasycosplays  Ah ok. 👍,CALL ME SIR,1694529080.0,HzUXFPO3cJE,Youtube,0
Maybe u need better women in your life. Teach your daughter better.,MJ's World,1693186747.0,RC1919tTab0,Youtube,0
I like what this woman is saying but the chick on the left just filming herself in the mirror pointing at shit is insufferable. Please contribute something or piss off. I hate this trend...,Niffer Wolf,1692030048.0,RC1919tTab0,Youtube,0
Your a wonderful mom.,Kimberly Anderson,1665210888.0,-gCSzvsCWCU,Youtube,0
in Jesus name amen,Alex Wolf,1665873990.0,Y83salNpzAo,Youtube,0
BREATH AIR,@MichaelGarcia03,1681187916.0,2uE8YsXdloA,Youtube,-1
Y’all got this!! Since apparently it’s everyone haha love you guys,Veronica,1658735991.0,MXAUwEVIL7E,Youtube,0
I’m really overthinking this video…….😫😔🤨🧐😟😕😣😖😒🥺😢😭😭😭😭,therealpĘnns,1658966811.0,MXAUwEVIL7E,Youtube,0
So beautiful how she can express herself so well ❤️,Rachel Madima,1679441202.0,8e8lN2GvYv0,Youtube,0
Well. They don’t. No one does.,Harri Pauditor 5972,1689913140.0,l2KuxKGImMw,Youtube,0
She's adorable,Georgina Jones,1666040737.0,-gCSzvsCWCU,Youtube,0
I'm a mix of the daydreamer and the gardener.,A Z,1689374979.0,4e9-6N3ffFA,Youtube,0
I have ocd,Ava Beatty,1679194606.0,_MS_j7Ecc6k,Youtube,0
I may have ocd,RubyKnight,1698346096.0,GqgRCPs1bdo,Youtube,0
Yes !!!!!!,Franki Lauth,1679769098.0,BcKuX6TV1To,Youtube,0
Welp.  The now the normies know about the adhd dino walk.,Qwinn,1687481479.0,4e9-6N3ffFA,Youtube,0
Didn't know I  was depressed,𝓐𝓻𝓲𝓪𝓷𝓪,1658674816.0,MXAUwEVIL7E,Youtube,0
Thomas❤,Fawzia Anker,1695422996.0,HzUXFPO3cJE,Youtube,0
lmaooo tell me you're a bigot without actually telling me you're a bigot,Mac,1663441480.0,IlsEZLs1PUI,Youtube,-1
Amen!!,67tooch,1672347243.0,ih_t7x9LYLE,Youtube,0
"The funny thing was is that I actually liked my depression, apparently my depression gave me a lot more of an open mind than what I have now. A depressed person is also someone who looked deeper into the details than a normal person would, hence always making them the best person to talk to for advice. A lot of my friends call me wise, Sage, and generally a really smart individual. I almost burst into tears when they said that because it   sounded like genuine respect, something that I’ve always had a struggle understanding if it was real or not with other people. Depression also allows a person to remain almost eerily calm under tense situations, my depressing demeanor and soft and gentle tone always got me out of an argument with my family and other people. It’s honestly helped me more in my life than when I haven’t had it. I know it was unhealthy so I don’t hold onto it now, but God do I miss it. There’s always a sense of self awareness and acceptance in my faith, my body, and my existence; in the sense that I felt that I was nonexistent. It was a terrible ideology for sure, but for some reason it gave me a sort of satisfaction that every wandering soul on this earth wants in some way shape or form. Does that not sound interesting?",Reece Greyshock,1658602250.0,MXAUwEVIL7E,Youtube,0
Wait that’s me but I’m not depressed,Shortsaboutmydog,1659507930.0,MXAUwEVIL7E,Youtube,0
"A little over a year ago I  had a spasm in my face due to Lyme disease...injured a front tooth so bad, the dentists said it would fall out... it didnt, but for 6 months, i couldnt eat... lost over 30 pounds, the trauma it caused made me fear eating because i didnt know if the spasm would hit again... i was starving, but I could only handle liquids... everytime id eat anything else the nerves in my mouth were so sensitive and my tooth would wiggle, and it would cause Anxiety...id tremble from the fear and trauma .  Depression hit me so hard...my adrenals were so weak...I have 3 children I homeschool. And by the grace of God and thanks to all the prayers of my faithful friends and family even from strangers I was able to still get up and take care of my responsibilities... get up, cry, wash dishes. Sit down cry, shake, pray... get up again and make food...  do the laundry, cry, tremble, try to eat something, give them school, hug my children. Cry, pray, take care of my responsibilities and so on for months! I couldnt talk normal, nobody came to help, and now i know why... God kept them away because i need to learn on my own, I needed to depend soley on Him I needed to understand that Jesus was the only one that could get me through this....
14 months later, Ive gained back 10 pounds, my tooth has healed, spasms are almost non existant...depression has left me. I have joy, and i am able to eat almost everything again... through all my pain one thing never failed , I HAD PEACE THAT SURPASSES ALL UNDERSTANDING. Because my faith was in Jesus... i knew that He was going to use this for my good, someway, somehow... i am here sharing this becasue i cannot keep it to myself. The devil came to steal, kill and destroy, but The son of God came so that we may have life and life in abundance. Even through our trials and hurting, if we have Jesus, we are comforted in knowing he is with us. Even when no one else is there, He is there, Hurting with us, Strengthening us, interceding for us to the Father in heaven... 🙏 glory to God, He saved me from all my fears. 
Pray for this young lady. And for all that are suffering in silence. Please pray, because someday it could be you that needs it. 🙏",GOD IS LOVE !,1691458333.0,Tyq492QJOkw,Youtube,0
Damn i just sat there confirming every little detail lol,jelliemile,1658704242.0,MXAUwEVIL7E,Youtube,0
"My little brother, around four is autistic , seeing him talk makes my heart glow, same with her, ik how you feel when she talks",Gia ⭐️,1677852635.0,-gCSzvsCWCU,Youtube,0
Eat  more your are  beatyfull please dont vomit your  eatting  your body need  muscle.vitamines good luck,Vivre Heureux,1689790194.0,Tyq492QJOkw,Youtube,0
That was me yesterday. Such a struggle,Olivia Lutfallah,1663532659.0,SMDp6INB3ko,Youtube,0
Make not your own hand contribute to (your) own destruction surah baqara verse 185,LEGEND,1673655885.0,wqBAohnacCk,Youtube,0
"My aunt has paranoid schizophrenia too. When she said someone is talking to her, i can't say ""yes they are"". Now, when men believe that they're women, the ones who say ""no, you aren't"" are considered as threat to their mental health. They have the mental Illness at the first place. We only want them to know the truth and stop the delusions from spreading.",Eren Yeager,1683362321.0,ih_t7x9LYLE,Youtube,0
Mowi what can I say except your welcome,rockfish,1691324071.0,QZYfVcw9gmU,Youtube,0
God bless you 🙏 we love you to and your dogs love you to,bean town,1666673292.0,53brF-7hqX0,Youtube,0
on the thing where it said “touch the wall 4 times or a family member dies” that happens to me way too much,iloven3ymar,1698085857.0,GqgRCPs1bdo,Youtube,0
"I have all but disorganised speech and thinking and I’m relatively articulate at my meetings, getting a diagnosis has been a nightmare without risking going back into psychosis again, but sometimes I can’t hear people over the voices",LouLaBelle,1684550646.0,xphnHCRgvOg,Youtube,0
"​@stardustgirl there is a difference between a label and a diagnosis, and without a diagnosis you cannot get your child any help. my son is about to turn 4 and still cannot say any words. gets so frustrated he ends up hurting himself. it's painful to watch my child need things that he cannot communicate the need for, it's absolutely heartbreaking. I do NOT limit my child, I'm trying to get him every resource available to to help develop every bit of potential he has, and ANYTHING he shows an actual interest in i make sure he gets access to. but no one will help these kids or put them on waiting lists until they get a diagnosis.",Lylah Stein,1681807511.0,8_RK7jQrQbc,Youtube,0
That has always gone on. Give me a break,Jack,1666901024.0,BcKuX6TV1To,Youtube,0
"the ""do x things x times or your family d!es"" is so random and I hate it. I don't have ODC but it happens sometimes and it's so frustrating 😭",Sabrina Moreno,1684905879.0,GqgRCPs1bdo,Youtube,0
Can we stop doing this? Let cartoon movies be for kids instead of giving them the dark side of mental disorders and actually have fun watching them instead of thinking each character has a disorder.....,nothing to see,1689609184.0,QZYfVcw9gmU,Youtube,0
ABOMINATION YOU ARE‼️,Tina Smith,1681056713.0,BcKuX6TV1To,Youtube,0
❤❤,Jamrastahawaii808,1665468498.0,-gCSzvsCWCU,Youtube,0
I don't have autism but I do some of these ALL THE TIME,「 Fat1ma 」,1681153944.0,fz6dbtnwEi0,Youtube,0
What’s up with the this next one text🤨🤔,Ninefox games,1691207237.0,QZYfVcw9gmU,Youtube,0
Gen z the messed up generation. We need a true man to go straight up to that crazy manwoman and smack the retardedness out of Him,Alex Loiz,1666816161.0,BcKuX6TV1To,Youtube,0
YES,Lucy,1696492565.0,PGu2-QOfLBA,Youtube,0
Walk through Fear,cindiwhitacre13,1674357179.0,lQBP_zD581Q,Youtube,-1
I'm the bumper car. My daughter is definitely the dinosaur...lol ❤,LaJoya Hill,1698482377.0,4e9-6N3ffFA,Youtube,0
"How about we don't want to here about your personal problems.  Humans cannot help you be heard no matter how loud you try to be but, God can please take it to him. Because he is the only one who can!",Chatlotte Moorehead,1667105109.0,BcKuX6TV1To,Youtube,0
@Arcade over half of the people claiming to have it on tik tok are lying,Snowy D,1697257211.0,HPc0nOxEmF0,Youtube,0
"""Time Out!!"" 💯 Sweet Guy 🥳",Roxy T,1692197561.0,l2KuxKGImMw,Youtube,0
"If it wasn't such a problem in men, why is the suicide rate higher in men's mental health there is so much help for women but not for men. In stead men are told to suck it up.That women needs to do her research before she starts criticising about she knows nothing about",Andrew Simonetti,1686567427.0,ZwO0rervo8o,Youtube,0
I love you god,Lorance Tobin,1681918521.0,-6BWao7HgE8,Youtube,-1
Ha!! I have both yeah😢,Jaxon Spargur,1685703309.0,GqgRCPs1bdo,Youtube,0
Way to expose me 🫠🌚👀💀,Avocados from Mexico,1658648719.0,MXAUwEVIL7E,Youtube,0
Spoilt AF why does every parent say their kids have autism 😆 this is a million percent not autism I have three 2 kids with it and this ain't it seek a second opinion lol,natasha begley,1665872822.0,-gCSzvsCWCU,Youtube,0
I have all ocd and hdhd,Isabellaoranges ,1674500504.0,GqgRCPs1bdo,Youtube,0
"That's litterely me!! I worry all the time, do random things and I can't stand my hair being unequal, I got new note books and I spent hours lining each page perfectly and when it wasent I ripped it out, and when I get take out soda drinks I pop the bubble things in, I also am starting to think I'm phsycic because I texted my friend seeing if he was ok and he said he just took a test and got covid....ITS NOT THE FORST TIME STUFF LIKE THATS HAPPENED😭",the.one.true.star.sailor,1680784039.0,GqgRCPs1bdo,Youtube,0
I got both of those option I can't escape!,Marci Taylor,1675056363.0,GqgRCPs1bdo,Youtube,0
If your job is to improve the mental health of these people then clearly you’ve failed and should be fired,Chris Lane,1666915459.0,BcKuX6TV1To,Youtube,0
This is to true that when ever i want to be happy all these things ruin it but when i watch you im happy❤,Katsuki_Bakugo,1688479432.0,a54ae-6r2wo,Youtube,0
Is there a way you prevent psychosis?,Ambertastic,1692874315.0,JqQ8nIKaCwU,Youtube,0
It breaks my heart when she crys,Ronelle Patterson,1664866331.0,-gCSzvsCWCU,Youtube,0
Same here bro,Ron Ron,1678079686.0,qt2Bpryqnv0,Youtube,0
I do this rn but with basketball but when I don’t finish the challenge i don’t Belive in jt,🐍PokémonUnboxing🐍,1671274895.0,GqgRCPs1bdo,Youtube,0
Its annoying haveing ocd :(,Kamille Crouch,1679205025.0,GqgRCPs1bdo,Youtube,0
They should it lack  that criminal  long  time ago,Carlos Diago,1686375556.0,JGw_BzwtqtM,Youtube,0
"And now some pick me that used to be my friend says she has adhd, then tell me to look and says ""omg I have adhd so bad I just touched my hair while reading"" ngl I was abt to punch her
(From someone who actually has adhd)",@khadyluvsmsc,1672445435.0,e4-NNSFIZNs,Youtube,0
Siah the clown,Kasidee Jones,1689993509.0,yHQv2pUungI,Youtube,0
"Ariel doesn’t have OCD, she has Disposophobia. Snow White is the one who has OCD.",Custard,1691153701.0,QZYfVcw9gmU,Youtube,0
I've delt with dwelling inwardly to much and after this my heart for people has died,Blair,1655274699.0,Hxmb0Oa850A,Youtube,0
The tattoo on your shoulder looks like a doctor strange portal and a flower at the same time and I like it,DakotasKong,1658546598.0,MXAUwEVIL7E,Youtube,0
Nut case,Harry Brooks,1684109109.0,BcKuX6TV1To,Youtube,0
"I can touch the stove, I tested it. I also have adhd. I am confusion.",Forest,1692696999.0,PGu2-QOfLBA,Youtube,0
"Go to the icon of the Mother of God in the Orthodox church, pray and you will be better, believe me. How I want to be close to you, if you accept me, of course. I was also sick and now I am much better. ❤",Πόλη Πόλη,1688816043.0,Tyq492QJOkw,Youtube,0
She really loves food give her food when she's angry or in a argument,Daniel Ormsby,1683607660.0,ALconHA1Xrc,Youtube,0
"Everyday i need to get checked out for adhd more and more cuz istg i do this all the time- it starts off with daydreaming, then i fidget with leafs while daydreaming, next thing i know im bumping into cars in a parking lot- all while lowkey walking like a dino-",Peth3t1c,1689872307.0,4e9-6N3ffFA,Youtube,0
To be honest at this point we’re just picking up mental health problems like collecting scout badges,Jack Hughes,1688538580.0,ZwO0rervo8o,Youtube,0
As A person who have this i can confirm i do this,Sushma Pawar,1683412226.0,GqgRCPs1bdo,Youtube,0
That's a great content here. Please upload more,techleaduz,1666311649.0,dw5BbcUSV4c,Youtube,-1
Oh precious baby girl,Madlyn Gabe,1665351469.0,-gCSzvsCWCU,Youtube,0
OMG I LOVE HIM!!! Awwww gosh I envy his genuine happiness. Wish I could’ve been there to make his day special ❤,Chloe Clingerman,1689798028.0,l2KuxKGImMw,Youtube,0
Me having both:wait its a mental illness.....?,kenny willis,1698479739.0,GqgRCPs1bdo,Youtube,0
"Women have been writing all the rules of society for over a hundred years and they have the audacity to call it a ""patriarchy"" and blame men for everything. Shit, your whole HR department is probably mostly run by women. The people who teach your kids? All women. So don't tell me about any ""patriarchy"" causing men to be like this that or the other. It's WOMEN who are doing this to men, not other men.",Michael Fox,1697189754.0,RC1919tTab0,Youtube,0
I struggle with this 😔😔,Madison_Equestrain,1694048493.0,GqgRCPs1bdo,Youtube,0
Your dress is rlly pretty I can’t-,IsabeLLE_notLLA,1659639540.0,_dLWisnAySY,Youtube,0
"I have ocd, and it bothers me that I have to touch every locker in the hallway at school before I go to the next class, or has to wash my hands 5 times when I go to the bathroom.
I don’t do it because I want to, I have to unless I will be restless and unsettled.",Dark Heart,1697509252.0,GqgRCPs1bdo,Youtube,0
